INSTALL_NAME	APPLE_OR_BOOTSTRAP	STOCK_20L563_PRESENT	DYLD_CACHE_PRESENT	ROOTFUL_ARCHIVE_PRESENT	ROOTLESS_REFERENCE_PRESENT	TARGET_ACTION	EVIDENCE
/usr/lib/libSystem.B.dylib	APPLE	NO	YES	NO	NO	KEEP_STOCK_APPLE	load_count=385;ORACLE_KEPT_ABS
@rpath/libiosexec.1.dylib	APPLE	NO	NO	NO	N/A	KEEP_RELATIVE	load_count=383
/System/Library/Frameworks/CoreFoundation.framework/CoreFoundation	APPLE	YES	YES	NO	N/A	KEEP_STOCK_APPLE	load_count=180
/usr/lib/libintl.8.dylib	BOOTSTRAP	NO	NO	YES	YES	REWRITE_TO_RPATH	load_count=169;ORACLE_REWRITE_TO_RPATH
/System/Library/Frameworks/CoreServices.framework/CoreServices	APPLE	YES	YES	NO	N/A	KEEP_STOCK_APPLE	load_count=109
/usr/lib/libncursesw.6.dylib	BOOTSTRAP	NO	NO	YES	YES	REWRITE_TO_RPATH	load_count=54;ORACLE_REWRITE_TO_RPATH
/usr/lib/libiconv.2.dylib	APPLE	NO	YES	NO	NO	KEEP_STOCK_APPLE	load_count=50;ORACLE_KEPT_ABS
/System/Library/Frameworks/IOKit.framework/Versions/A/IOKit	APPLE	YES	YES	NO	N/A	KEEP_STOCK_APPLE	load_count=39
/usr/lib/libpcre.1.dylib	BOOTSTRAP	NO	NO	YES	YES	REWRITE_TO_RPATH	load_count=38;ORACLE_REWRITE_TO_RPATH
/usr/lib/libpam.2.dylib	BOOTSTRAP	NO	NO	YES	YES	REWRITE_TO_RPATH	load_count=25;ORACLE_REWRITE_TO_RPATH
/usr/lib/libcrypto.3.dylib	BOOTSTRAP	NO	NO	YES	YES	REWRITE_TO_RPATH	load_count=25;ORACLE_REWRITE_TO_RPATH
/System/Library/Frameworks/Foundation.framework/Foundation	APPLE	YES	YES	NO	N/A	KEEP_STOCK_APPLE	load_count=21
/usr/lib/libapt-pkg.6.0.dylib	BOOTSTRAP	NO	NO	NO	NO	REWRITE_TO_RPATH	load_count=20;ORACLE_REWRITE_TO_RPATH
/usr/lib/libc++.1.dylib	APPLE	NO	YES	NO	NO	KEEP_STOCK_APPLE	load_count=20;ORACLE_KEPT_ABS
/usr/lib/libcrypt.2.dylib	BOOTSTRAP	NO	NO	YES	YES	REWRITE_TO_RPATH	load_count=15;ORACLE_REWRITE_TO_RPATH
/usr/lib/libutil.dylib	APPLE	NO	YES	NO	NO	KEEP_STOCK_APPLE	load_count=14;ORACLE_KEPT_ABS
/usr/lib/libobjc.A.dylib	APPLE	NO	YES	NO	NO	KEEP_STOCK_APPLE	load_count=12;ORACLE_KEPT_ABS
/usr/libexec/sudo/libsudo_util.0.dylib	BOOTSTRAP	NO	NO	YES	YES	REVIEW	load_count=11
/usr/lib/libapt-private.0.0.dylib	BOOTSTRAP	NO	NO	NO	NO	REWRITE_TO_RPATH	load_count=10;ORACLE_REWRITE_TO_RPATH
/usr/lib/libzstd.1.dylib	BOOTSTRAP	NO	NO	NO	NO	REWRITE_TO_RPATH	load_count=9;ORACLE_REWRITE_TO_RPATH
/usr/lib/libbz2.1.0.dylib	APPLE	NO	YES	NO	NO	KEEP_STOCK_APPLE	load_count=9;ORACLE_KEPT_ABS
/usr/lib/libz-ng.2.dylib	BOOTSTRAP	NO	NO	NO	NO	REWRITE_TO_RPATH	load_count=8;ORACLE_REWRITE_TO_RPATH
/usr/lib/libmd.0.dylib	BOOTSTRAP	NO	NO	YES	YES	REWRITE_TO_RPATH	load_count=8;ORACLE_REWRITE_TO_RPATH
/usr/lib/libz.1.dylib	APPLE	NO	YES	NO	NO	KEEP_STOCK_APPLE	load_count=6;ORACLE_KEPT_ABS
/usr/lib/libgmp.10.dylib	BOOTSTRAP	NO	NO	YES	YES	REWRITE_TO_RPATH	load_count=5;ORACLE_REWRITE_TO_RPATH
/System/Library/PrivateFrameworks/ktrace.framework/ktrace	APPLE	YES	YES	NO	N/A	KEEP_STOCK_APPLE	load_count=5
/usr/lib/libMobileGestalt.dylib	APPLE	NO	YES	NO	NO	KEEP_STOCK_APPLE	load_count=4;ORACLE_KEPT_ABS
/usr/lib/libgpg-error.0.dylib	BOOTSTRAP	NO	NO	YES	YES	REWRITE_TO_RPATH	load_count=4;ORACLE_REWRITE_TO_RPATH
/usr/lib/libssl.3.dylib	BOOTSTRAP	NO	NO	YES	YES	REWRITE_TO_RPATH	load_count=4;ORACLE_REWRITE_TO_RPATH
/usr/local/lib/liblzma.5.dylib	BOOTSTRAP	NO	NO	YES	NO	REWRITE_TO_RPATH	load_count=3;ORACLE_REWRITE_TO_RPATH
/usr/lib/libgcrypt.20.dylib	BOOTSTRAP	NO	NO	YES	YES	REWRITE_TO_RPATH	load_count=3;ORACLE_REWRITE_TO_RPATH
/usr/lib/libbrotlicommon.1.dylib	BOOTSTRAP	NO	NO	NO	NO	REWRITE_TO_RPATH	load_count=3;ORACLE_REWRITE_TO_RPATH
/usr/lib/libgnutls.30.dylib	BOOTSTRAP	NO	NO	YES	YES	REWRITE_TO_RPATH	load_count=3;ORACLE_REWRITE_TO_RPATH
/usr/lib/libunistring.5.dylib	BOOTSTRAP	NO	NO	YES	YES	REWRITE_TO_RPATH	load_count=3;ORACLE_REWRITE_TO_RPATH
/usr/lib/libnettle.8.dylib	BOOTSTRAP	NO	NO	NO	NO	REWRITE_TO_RPATH	load_count=3;ORACLE_REWRITE_TO_RPATH
/usr/lib/libbsm.0.dylib	APPLE	NO	YES	NO	NO	KEEP_STOCK_APPLE	load_count=2;ORACLE_KEPT_ABS
/usr/lib/libsbuf.dylib	BOOTSTRAP	NO	NO	NO	NO	REWRITE_TO_RPATH	load_count=2
/usr/lib/libreadline.8.dylib	BOOTSTRAP	NO	NO	NO	NO	REWRITE_TO_RPATH	load_count=2;ORACLE_REWRITE_TO_RPATH
/usr/lib/libhistory.8.dylib	BOOTSTRAP	NO	NO	NO	NO	REWRITE_TO_RPATH	load_count=2;ORACLE_REWRITE_TO_RPATH
/usr/lib/libedit.0.dylib	BOOTSTRAP	NO	NO	YES	YES	REWRITE_TO_RPATH	load_count=2;ORACLE_REWRITE_TO_RPATH
/usr/lib/libassuan.0.dylib	BOOTSTRAP	NO	NO	YES	NO	REWRITE_TO_RPATH	load_count=2
/usr/lib/libnpth.0.dylib	BOOTSTRAP	NO	NO	YES	YES	REWRITE_TO_RPATH	load_count=2;ORACLE_REWRITE_TO_RPATH
/usr/lib/libpcre2-8.0.dylib	BOOTSTRAP	NO	NO	YES	YES	REWRITE_TO_RPATH	load_count=2;ORACLE_REWRITE_TO_RPATH
/System/Library/Frameworks/MobileCoreServices.framework/MobileCoreServices	APPLE	YES	YES	NO	N/A	KEEP_STOCK_APPLE	load_count=2
/System/Library/Frameworks/Security.framework/Security	APPLE	YES	YES	NO	N/A	KEEP_STOCK_APPLE	load_count=2
/usr/lib/liblz4.1.dylib	BOOTSTRAP	NO	NO	NO	NO	REWRITE_TO_RPATH	load_count=2;ORACLE_REWRITE_TO_RPATH
/usr/lib/libxxhash.0.dylib	BOOTSTRAP	NO	NO	NO	NO	REWRITE_TO_RPATH	load_count=2;ORACLE_REWRITE_TO_RPATH
/usr/lib/libdimentio.0.dylib	BOOTSTRAP	NO	NO	YES	YES	REWRITE_TO_RPATH	load_count=2
/usr/lib/libffi.8.dylib	BOOTSTRAP	NO	NO	YES	YES	REWRITE_TO_RPATH	load_count=2
/usr/lib/libp11-kit.0.dylib	BOOTSTRAP	NO	NO	YES	YES	REWRITE_TO_RPATH	load_count=2
/usr/lib/libidn2.0.dylib	BOOTSTRAP	NO	NO	YES	YES	REWRITE_TO_RPATH	load_count=2
/usr/lib/libtasn1.6.dylib	BOOTSTRAP	NO	NO	YES	YES	REWRITE_TO_RPATH	load_count=2
/usr/lib/libhogweed.6.dylib	BOOTSTRAP	NO	NO	NO	NO	REWRITE_TO_RPATH	load_count=2
/usr/lib/libcharset.1.dylib	APPLE	NO	YES	NO	NO	KEEP_STOCK_APPLE	load_count=1
/System/Library/PrivateFrameworks/MobileContainerManager.framework/MobileContainerManager	APPLE	YES	YES	NO	N/A	KEEP_STOCK_APPLE	load_count=1
/usr/lib/libxo.dylib	BOOTSTRAP	NO	NO	NO	NO	REWRITE_TO_RPATH	load_count=1
/usr/lib/libresolv.9.dylib	APPLE	NO	YES	NO	NO	KEEP_STOCK_APPLE	load_count=1;ORACLE_KEPT_ABS
/usr/lib/libbrotlidec.1.dylib	BOOTSTRAP	NO	NO	NO	NO	REWRITE_TO_RPATH	load_count=1
/usr/lib/libbrotlienc.1.dylib	BOOTSTRAP	NO	NO	NO	NO	REWRITE_TO_RPATH	load_count=1
/usr/lib/libcompression.dylib	APPLE	NO	YES	NO	NO	KEEP_STOCK_APPLE	load_count=1
/usr/lib/libformw.6.dylib	BOOTSTRAP	NO	NO	YES	YES	REWRITE_TO_RPATH	load_count=1
/usr/lib/libiosexec.1.dylib	BOOTSTRAP	NO	NO	YES	YES	REWRITE_TO_RPATH	load_count=1
/usr/lib/libkrw.0.dylib	BOOTSTRAP	NO	NO	YES	YES	REWRITE_TO_RPATH	load_count=1
/usr/lib/libmenuw.6.dylib	BOOTSTRAP	NO	NO	YES	YES	REWRITE_TO_RPATH	load_count=1
/usr/lib/libpanelw.6.dylib	BOOTSTRAP	NO	NO	YES	YES	REWRITE_TO_RPATH	load_count=1
/usr/libexec/sudo/sudo_intercept.so	BOOTSTRAP	NO	NO	YES	YES	REVIEW	load_count=1
/usr/libexec/sudo/sudo_noexec.so	BOOTSTRAP	NO	NO	YES	YES	REVIEW	load_count=1
/System/Library/Frameworks/CFNetwork.framework/CFNetwork	APPLE	YES	YES	NO	N/A	KEEP_STOCK_APPLE	load_count=1
/usr/lib/swift/libswiftCore.dylib	APPLE	NO	YES	NO	NO	KEEP_STOCK_APPLE	load_count=1
/usr/lib/swift/libswiftCoreFoundation.dylib	APPLE	NO	YES	NO	NO	KEEP_STOCK_APPLE	load_count=1
/usr/lib/swift/libswiftDarwin.dylib	APPLE	NO	YES	NO	NO	KEEP_STOCK_APPLE	load_count=1
/usr/lib/swift/libswiftDispatch.dylib	APPLE	NO	YES	NO	NO	KEEP_STOCK_APPLE	load_count=1
/usr/lib/swift/libswiftObjectiveC.dylib	APPLE	NO	YES	NO	NO	KEEP_STOCK_APPLE	load_count=1
