PATH	REL	SHA256	UUID	CDHASH	SIGN_STATUS	TRUSTCACHE_INCLUDED	SOURCE
/var/jb/bin/sync	bin/sync	70e3ffbaa93b6fe7c89f8f22b43325a78d027c61d5b3c2cd906db6a6676c0553	7EE75158-D08B-36D1-892B-5A18D4EE5960	f5bf7193ea36d4c7e7db3a45cd53122468b45e15	ADHOC_SIGNED	YES	appletvos_bootstrap
/var/jb/sbin/dmesg	sbin/dmesg	5f59f69f72791dfdac4a148b7875fdb3dd2dea368b2e743cd4325f89a0ac49d0	7F55F443-2BBD-3880-8532-DBE51D6EE2D6	7f3681ce529992aca62b8072344028e7a9160341	ADHOC_SIGNED	YES	appletvos_bootstrap
/var/jb/sbin/dynamic_pager	sbin/dynamic_pager	d76a4703e8b7468a7f99ab60aa566f83c88f31de47bd75bf2ca0c024eb441622	8A9EA122-E8A7-383B-890F-9D0FAFB7B73F	1fc6e622f232e97ff3db60ec0f846be5690ee55c	ADHOC_SIGNED	YES	appletvos_bootstrap
/var/jb/sbin/nologin	sbin/nologin	bba8e655420621b40fc8ca30515a465eec57ae0880c5f0c61e069026d40ffdac	7403BBDD-2B5B-3AA6-BCF9-2788D01A58D5	b91ddd74da9c9b068d6f90382504b598ee7061a2	ADHOC_SIGNED	YES	appletvos_bootstrap
/var/jb/sbin/reboot	sbin/reboot	7768375cebe2aef6f1e923b0635dd2fa50efc2f27b835f4ef2927e2e7c1906dd	40972785-33F6-3AB4-897B-AB10134CA7CD	b954938f64f5ac2adcf46c8c7e6c765c382b20ca	ADHOC_SIGNED	YES	appletvos_bootstrap
/var/jb/sbin/shutdown	sbin/shutdown	d9a4ba3ef7330e6a1eff18a2a8a45f7d11a12993f5a63ac1cc4fedb78417a1d3	A7261CA3-1AA6-3FB7-9E42-FCEAF0F65FF3	e46e08aa68dba2a2dd005de8e4861fe4ebe0dd84	ADHOC_SIGNED	YES	appletvos_bootstrap
/var/jb/usr/bin/[	usr/bin/[	3511b0e9da7aec2148397cf4797e176ba7d523c4ee3e99113af5fb856d226dc1	7EDAB515-1C5D-324E-BD04-DFCA23DED8C1	5ccd8955415ec5c8bf50ca7ff71f6861f833530b	ADHOC_SIGNED	YES	appletvos_bootstrap
/var/jb/usr/bin/apply	usr/bin/apply	f5284da85a770827aa8a08d21892e19738f108ecc4f2b364f0bc64a98dca4f26	64EEF61E-E266-35E1-86C8-1DC327EBEEE8	85aeebd45d9da77b306cecce1024fe56a82ce3d3	ADHOC_SIGNED	YES	appletvos_bootstrap
/var/jb/usr/bin/apt	usr/bin/apt	aef0ae20f4bc94fb93763d974b974ce526e2092a542b3a99229b291d67bc7e61	EEE9E7D0-8073-4C4A-B63C-0BF63A090814	3e5bafdf7a48ce6de2099e272b0be7b1b7732616	ADHOC_SIGNED	YES	appletvos_bootstrap
/var/jb/usr/bin/apt-cache	usr/bin/apt-cache	0e8f055add3290663304a45909d1163e8aca6d6b925305787c765c4c199f42a2	813424AA-C066-4283-BCD1-37269C412A4B	c3514dfd87f92261bd189d07e422f4148f3401d2	ADHOC_SIGNED	YES	appletvos_bootstrap
/var/jb/usr/bin/apt-cdrom	usr/bin/apt-cdrom	572ebd7ee5073485f3785cf5f76b46a4ce6bb0d14189db395b2aba0178a019be	A83EEFD7-A353-49FB-9AF1-F7DEF8B38527	d43ed363c170299fd7db776a3d577bd0e7e2d032	ADHOC_SIGNED	YES	appletvos_bootstrap
/var/jb/usr/bin/apt-config	usr/bin/apt-config	ae33b02d54e97642543d7f4020c4aebb7c56bb086872b8fc9e03f8599e697d44	B6641D3D-786B-44AA-9F91-A97C7A7E3A39	2f02e2f34047d2128a7f8e56efba9f7b8348394d	ADHOC_SIGNED	YES	appletvos_bootstrap
/var/jb/usr/bin/apt-get	usr/bin/apt-get	2bcccbbac30eb3f9ec289a98d28fddfc12e6546b508c9628a06b2d43c3cd7870	0118BF02-0B85-45CD-B644-6CA732F5A14A	7370205c8983ffdd2d929a8eeee5298de0d10ec7	ADHOC_SIGNED	YES	appletvos_bootstrap
/var/jb/usr/bin/apt-mark	usr/bin/apt-mark	9d0e0b03e15d5d46f025e9845df11a33c2d31067631806f6b39760b2a3ead850	85705CFE-EB27-4403-87AF-CF8F7E7E6F67	063f4215a56cdcffd27bcd8c14d28cb6d28335a8	ADHOC_SIGNED	YES	appletvos_bootstrap
/var/jb/usr/bin/arch	usr/bin/arch	9cfb8a0ef301fa7529ad7a5481cd75d4503126aa39cbcb3b718d2c181b0d8a9f	B999D878-E950-37E2-9783-2C299F6B33AF	50e24724a5aacbad60010fab775054bc757e560d	ADHOC_SIGNED	YES	appletvos_bootstrap
/var/jb/usr/bin/at	usr/bin/at	3d7ab78898a4eb50561d3a677d4c2352434c9789c24434c40ff000cf058b28e5	D8756CC0-02BF-382F-8837-114D96C0FD01	e96351c7520d3171c339fd74fef87f42726436a6	ADHOC_SIGNED	YES	appletvos_bootstrap
/var/jb/usr/bin/b2sum	usr/bin/b2sum	7ebe215d44b3bf2972e258b05b9fb50f3170ac1a7cd1a2da2bb04adf34a100bc	872AA4BF-DED8-39A9-BCFD-85BB260FE58F	dbab3fdf1351a96510db853ef3109b58122e8c21	ADHOC_SIGNED	YES	appletvos_bootstrap
/var/jb/usr/bin/base32	usr/bin/base32	1641988a4a76d69505e018bdbf3e8f5c3f80764ab27207708450def0b4914609	EB9273B3-AA84-3E2A-94B5-3D3FA44F17AA	286bc5620f1c58711152a236216c06d599d63283	ADHOC_SIGNED	YES	appletvos_bootstrap
/var/jb/usr/bin/base64	usr/bin/base64	51e433c778b9ef8274f71f1a7bd5b8895391df10682edf0e626948331bb8821d	0A12A7B0-671F-32AB-BF1A-13BDE1BE0BB6	aa99ae225953a88b6bb967e54cc787dc2100c04e	ADHOC_SIGNED	YES	appletvos_bootstrap
/var/jb/usr/bin/basename	usr/bin/basename	8818f17a4ea82b793faac8e01c7a5862b6381bcc6de6974cabc03259a140e2c1	0B15FC49-167E-3978-BD6D-4F6BF209EDD2	d1df3135f5e32e48cac45f92e11515f8af74182d	ADHOC_SIGNED	YES	appletvos_bootstrap
/var/jb/usr/bin/basenc	usr/bin/basenc	a09125fb358b1696ad5baba7df19acc3b636b9645921e0ec72a47bd57a64066a	784E200D-C90D-3B5A-A39D-CDEFD223EB44	1b4c5940d7fc366192f2a7dbc7bfd669dc2f2a72	ADHOC_SIGNED	YES	appletvos_bootstrap
/var/jb/usr/bin/bash	usr/bin/bash	38d3920803db43caf9517962389736dfdfd156f0c9c32747cfd039b846c4fcbf	A3F58AE5-270B-37D1-BB4B-016EA7C47702	a581219daeb42332e1c00f9971d2db8e5d781fa8	ADHOC_SIGNED	YES	appletvos_bootstrap
/var/jb/usr/bin/cat	usr/bin/cat	78e3d19e617affc80fc8a45e2c84b6b57b98674e99a5ef9c2fdef50f11ab04fb	0F4A09D7-E9CA-39F6-9201-4BD94F169793	8bb84129fe1c8e187ac98bf32dd160fe98adffae	ADHOC_SIGNED	YES	appletvos_bootstrap
/var/jb/usr/bin/chcon	usr/bin/chcon	09a21e8add04e4caf78efcf51638f4d465cbef6d8cb4a0eaaf6f6719c9f525a9	B9CE48E5-95C6-3C90-B42A-577F3FBD92D7	22fd77c2af799db572032454af17442b2d975fe2	ADHOC_SIGNED	YES	appletvos_bootstrap
/var/jb/usr/bin/chflags	usr/bin/chflags	af9a00dedfeec6a8255be22cee3f80cc96fe02d5adcf351f06b484363565ff18	71CFDF99-C315-360E-A874-523F1E1DF5A6	9f9e9b7652becd616ad8f4349c24ce7aa137bde4	ADHOC_SIGNED	YES	appletvos_bootstrap
/var/jb/usr/bin/chgrp	usr/bin/chgrp	8ea467f965f07fd072144bd4041e02b25fdad3982b914ee247d487a356987ef2	FCAC5C4E-BD4E-3E89-89A5-A7E714226C7A	a692d22866c0635fc185856c2571bc08928f94f0	ADHOC_SIGNED	YES	appletvos_bootstrap
/var/jb/usr/bin/chmod	usr/bin/chmod	986abf9d651970192689330c043e66a121209eb6fe39369b39bb2ca471ac7a41	2C28C618-3E2F-3515-8F4F-99CE79E7C479	444e2c65aafcbc118fd24564317339dd6ace9f9b	ADHOC_SIGNED	YES	appletvos_bootstrap
/var/jb/usr/bin/chown	usr/bin/chown	3f4ba444a1b950eff5382896c3b3bdb69397701e37ad947d4420c61b8cb7ca81	DC77EBBE-5339-3CDD-B5FF-4E79A6CDE390	8f820ed5c783403d9ae8bad27a8039b561dbe491	ADHOC_SIGNED	YES	appletvos_bootstrap
/var/jb/usr/bin/chpass	usr/bin/chpass	c81b5e991370dd8a21e95c6df38b9f53b28873e14156f68ddcd91a5f7653c104	D2454BC3-706B-351C-9B19-84EB1EE3A757	e7dee731705d29f252f1fa480e89be95f18c2a4b	ADHOC_SIGNED	YES	appletvos_bootstrap
/var/jb/usr/bin/chroot	usr/bin/chroot	6a163c499241507b203d2b0e9decb2e1777b415cc45be03542fd23f615214ba7	66F5262A-104F-3EA2-82ED-DF0C26C2D063	cab21e9eb8aab99db9d05b7d97d1fcc3829a6cec	ADHOC_SIGNED	YES	appletvos_bootstrap
/var/jb/usr/bin/cksum	usr/bin/cksum	b719530d25c45b666651ddeae18c53b1c10b624472b27816d8b188c9061e7989	99A8C016-3CB8-389D-9EE8-F0F0735C9059	af803c0034002103bfa26b625a0d49983d8e6155	ADHOC_SIGNED	YES	appletvos_bootstrap
/var/jb/usr/bin/clear	usr/bin/clear	fcc7495f7dd8b1a4edfa98d0c35b5d42825eb4a629e70bdb13016a3b09735bc0	5F3F980B-01C7-304B-B925-B46BF791C395	3de61f3b9f9c873fce431d568e31ca7074ee54cb	ADHOC_SIGNED	YES	appletvos_bootstrap
/var/jb/usr/bin/cmp	usr/bin/cmp	90dd3a2f3e6c3b4e2fc478e15ed9a8ad9bed9e4e369dcfdb0c6eec5491a802b3	6768DF75-7BAA-3FF5-9138-85EE9CCF8FA4	2a81a444896439e3bdce62d8accaad1754b0d78a	ADHOC_SIGNED	YES	appletvos_bootstrap
/var/jb/usr/bin/comm	usr/bin/comm	fa78fe55cf33cf2b35c206242326fd3e6dd74e0cf6fe7b15e7a854627de59e6c	B9462CF4-B9DD-3E7A-BF7F-16201AAD46FB	7fc5bd4f7e9ee806645bed760c5d579c56b048df	ADHOC_SIGNED	YES	appletvos_bootstrap
/var/jb/usr/bin/compress	usr/bin/compress	8cb3baf3cebb7d3aeb5f5f9e76e8375d7fa078505075ede99f0a844480389368	BDD1D909-0C6D-316A-90D7-BC23E19EFA6E	53773ed7ece3aeef18da0e5c3e9be6164be28dec	ADHOC_SIGNED	YES	appletvos_bootstrap
/var/jb/usr/bin/cp	usr/bin/cp	3988b32c63ab9e2edc7f5734d80ff3bfb5709f993d762546331fb4dfb6302f5e	175533C2-02A5-382D-97BD-CF2FE95B4958	6a4487129f75b847789416823a080081e36f4306	ADHOC_SIGNED	YES	appletvos_bootstrap
/var/jb/usr/bin/cpuctl	usr/bin/cpuctl	ea035a54334de91ad0058e42f9dd234d4424baf08594a63beb4833afbb2b81f2	D432C18A-555D-30D2-8A5E-8F46B373F571	355103f2e4438fe286f87c9772c932980dd22eee	ADHOC_SIGNED	YES	appletvos_bootstrap
/var/jb/usr/bin/csplit	usr/bin/csplit	5d57a5c9e4f570acc6748a3f4ca5448482335c19909b718d505fce420dcae45d	5F3BF8F8-7459-3081-8674-B101DC554FCF	b9ea203b303ffcfd97e3ed438606262ca80556bc	ADHOC_SIGNED	YES	appletvos_bootstrap
/var/jb/usr/bin/cut	usr/bin/cut	a479bff60eca5f03bbb83f6cc20edfd44e34e78415f64d4d71cb4f6edde6edae	54BE6DCB-E6BF-3E59-AA02-7104DD766F15	5e27d4b69fe26cd61fa30fc8badf8da54a5a7395	ADHOC_SIGNED	YES	appletvos_bootstrap
/var/jb/usr/bin/cvtsudoers	usr/bin/cvtsudoers	03e566ac1c576bc416a9e3811d43ec0585f6971c6ea08bdd1e3f7064e9b7bcc9	ACEE3E02-B978-3699-BA07-E9B63B896E0E	fbf089890271b0944b941b7aa64aac3865ec2fe8	ADHOC_SIGNED	YES	appletvos_bootstrap
/var/jb/usr/bin/dash	usr/bin/dash	06cc5061253f6bdf8be35001cbab1335ab251443b616b91a216386d38d802c80	09E0BBD2-2DA1-32D7-AFD2-17F51B999CD3	6dfe1c9f3c22ab36d3afb049b61e0590a06b4028	ADHOC_SIGNED	YES	appletvos_bootstrap
/var/jb/usr/bin/date	usr/bin/date	3f040fd9e45b3687417097d3ddfec39c75d99ede8d0e31dd997efad636857233	15885AFB-9ECC-3948-A03B-EF774DA2B777	e4662e9b8fb4725c5f8bcaf1adc45d08517c58bb	ADHOC_SIGNED	YES	appletvos_bootstrap
/var/jb/usr/bin/dd	usr/bin/dd	d3073d126bcbfe677b9d92062069900e99090ae61415fd97ee90a6d362fb1f0c	255655CF-A05F-32B2-A1AC-02772E1AFAF6	ee4b584f86f8b35f75d4e09bed7a77cc01fe64dc	ADHOC_SIGNED	YES	appletvos_bootstrap
/var/jb/usr/bin/deviceinfo	usr/bin/deviceinfo	006a1d07a0cf1fc78df77a64ef96c059978f29fd4f8d076562dec65d50b091a3	5D6DC15D-CCDE-328B-A3D3-4D8A0587F5F9	2a3af085d3cd6fb3b7896fef5ffed477b477c366	ADHOC_SIGNED	YES	appletvos_bootstrap
/var/jb/usr/bin/diff	usr/bin/diff	255d5ddbb55219411b3b42b766b66092d329a75b8b6cbca419ac1efdfc569ffe	D3F41A2D-95F5-3372-AB32-33CA4946596E	616965e8d6167945988776ef8d5b53ccc5514786	ADHOC_SIGNED	YES	appletvos_bootstrap
/var/jb/usr/bin/diff3	usr/bin/diff3	32242fc6be8fb70e3ff7039889039cb8b917d066880aa7edd08a7e83a3a35c4a	E60FFAD0-D0D1-3900-8DAE-EECCBAFD4545	f5d789fc094da8efc54aa220974cffb70c9dada4	ADHOC_SIGNED	YES	appletvos_bootstrap
/var/jb/usr/bin/dir	usr/bin/dir	9e096f2a14f23d14980fad4361054b7a89767bbab3ec93afc22123dabfa91af8	3CE0C60B-C44C-37CA-A825-BB369069759D	af9ee1af159ff26a06b0fea6f220f89c1ddcac33	ADHOC_SIGNED	YES	appletvos_bootstrap
/var/jb/usr/bin/dircolors	usr/bin/dircolors	cdfa309012788a9be1a5c6bad9551f562867c9f0195a2e699378f20f60ea6b97	40DE90B8-EB86-3FE5-983D-655F54A75A3D	9fb85162c8d7a8d2e02a8cab1d2e2cfa305b2705	ADHOC_SIGNED	YES	appletvos_bootstrap
/var/jb/usr/bin/dirname	usr/bin/dirname	a2fe0f3f8e2ceb59bedd49fe17b15d1ebf63d920e87dc5afad018e1dc6c32412	4FC7B782-F4BD-38FD-BF27-19D8131314FC	d5a9258c10192ada2ca68056bb870459e4d2ad23	ADHOC_SIGNED	YES	appletvos_bootstrap
/var/jb/usr/bin/dpkg	usr/bin/dpkg	f39187bd814a128262f05affcbe6218b8ca2f2db7b3639d78c27d37ac97b82b4	6A76570D-ABEE-3A22-99B3-B27C9F171DFE	6216ce521a96e2e8dc995e2be13c43549a2fd092	ADHOC_SIGNED	YES	appletvos_bootstrap
/var/jb/usr/bin/dpkg-deb	usr/bin/dpkg-deb	afdd8abd4feca0b102ded2a1da35b0d0768752adaca0745470b301a6ebcf4c03	6DAC6E39-12C3-3D12-9163-155EA9BC7A46	725609baccf41c3a8d09b326f28e1ff642b77366	ADHOC_SIGNED	YES	appletvos_bootstrap
/var/jb/usr/bin/dpkg-divert	usr/bin/dpkg-divert	6b6ad2a0caff7acb8e52a3735d20ff157761dc6940f295674d6293aa8fd05a1a	0C1AC2A9-7E0C-391C-A6EB-4101F40C25E8	63fdc632301520a250fa7ebedd622aa32f46b64f	ADHOC_SIGNED	YES	appletvos_bootstrap
/var/jb/usr/bin/dpkg-query	usr/bin/dpkg-query	5276bcb11906ca861766597b08c53eab38c50e657553df71b1e85df7ffa4eb99	D747542C-68B2-3BD0-B333-B5A8238538AE	b876c97cdbca38b020ed840b00aaa56933f75f24	ADHOC_SIGNED	YES	appletvos_bootstrap
/var/jb/usr/bin/dpkg-split	usr/bin/dpkg-split	1a627cdd652222cea275e04ac41f535babda62d687e091244591024c5ed5b909	7717CAB5-302B-3F61-A68F-CB5A5406DEAF	06d325414a0aee5385212aba1e84a1e43939946b	ADHOC_SIGNED	YES	appletvos_bootstrap
/var/jb/usr/bin/dpkg-statoverride	usr/bin/dpkg-statoverride	9de898f584bae77a3d454b13f4df40e7b84d2c0fdce36f76331e87755b1e0f7c	6C4DC794-72DB-3D4B-9E5B-6855DFB195FA	cd91868fd689770a9785084966ed60dcd33f62e0	ADHOC_SIGNED	YES	appletvos_bootstrap
/var/jb/usr/bin/dpkg-trigger	usr/bin/dpkg-trigger	17a046daadfa18126d2ec53d83372795b5a03cabbbed3e5d91b042bb0f2b3992	25FF734F-0648-339E-B725-116155AA1D28	4e6e59d10b5e51e7f3b67511a918ef905d158e5e	ADHOC_SIGNED	YES	appletvos_bootstrap
/var/jb/usr/bin/du	usr/bin/du	639c728b1073cac5851dac544556b5a0b34a324138e545a4c9cb1834a5023aab	E64C72A4-FE9B-3810-BEB1-66F6AECE0F8F	c34ef024a729d54c0abfcb90bbd4f50fc05c58aa	ADHOC_SIGNED	YES	appletvos_bootstrap
/var/jb/usr/bin/echo	usr/bin/echo	38a86cec1f4c9b80f04fe90cda7dd7e8a59286f0afe4e3cd9a34744b8e644e92	2CFB15B6-723A-3CD0-9522-3FCBA09441D5	9b287f743fb1de47e546c2f1886f22c9824e39bd	ADHOC_SIGNED	YES	appletvos_bootstrap
/var/jb/usr/bin/env	usr/bin/env	0e54efa72bc1d9821e770b02a76d2b1b15b44abe2c8d4a29d52471b46d0b40eb	41AC3A41-E5B8-37A9-B9F2-91881A57281A	18489425d5c5a11ba246878a40a0219f26b5a3ad	ADHOC_SIGNED	YES	appletvos_bootstrap
/var/jb/usr/bin/ex-vi	usr/bin/ex-vi	023be69397a245b98b2bda172f492d3d810c328dd6addd49a2bde61b04ee9516	8998E08D-6BF3-31DA-BDA4-638C1991F7AC	0d2c51a55666c8d89d6d42e20ecc057b78e0fb63	ADHOC_SIGNED	YES	appletvos_bootstrap
/var/jb/usr/bin/expand	usr/bin/expand	70b3e420c9c73a56f33ef5c53c424b375876a8701d2e107153faef4f36e356f2	210C9D98-EF9B-31D6-A9ED-1795F31DFC24	8a3f78f0ad903ea8136532b46ad7568595df830c	ADHOC_SIGNED	YES	appletvos_bootstrap
/var/jb/usr/bin/expr	usr/bin/expr	21d73ed775dd133d40e677297c7e8888f3904f1886b4d87d9cb69d25ab093f0f	48360196-9849-3F7A-9398-7608C68F0F68	10081985457f25f0d1f0ce5ead4f79b88b5166a1	ADHOC_SIGNED	YES	appletvos_bootstrap
/var/jb/usr/bin/factor	usr/bin/factor	54d745e1c1621e8a7da28d733d1ad474d730b787c817e21eb970a61091363e9b	07DCED68-EF22-34CF-84B3-7FB742D4174B	ece5ca51f785d17525ff47abd5ec1b6c70f11d34	ADHOC_SIGNED	YES	appletvos_bootstrap
/var/jb/usr/bin/false	usr/bin/false	977a00185a5928b0f5a80cdd34bf6b01f4f9131244760fb9fd45becaa76cec91	F444657B-2B0D-3391-BAF4-8CAC7184A94D	0414c99abbc13206fa18b560760388045299136c	ADHOC_SIGNED	YES	appletvos_bootstrap
/var/jb/usr/bin/find	usr/bin/find	6430d883346ba09ae3967225cb6c221cb387351a9d41669e2113d3f1421bb8df	7BBA75D5-6AC8-3C37-BACE-A8A8DB67AE36	f83f607d11ae652232fde4474ef5544c8628d3a7	ADHOC_SIGNED	YES	appletvos_bootstrap
/var/jb/usr/bin/fmt	usr/bin/fmt	42a2f41df63df89a349a6f2fb7eac4e0ef4c022d6d36c80654497df4ec59f1c1	4F1EC070-0384-3DB3-BAFB-ED55F25B2F99	55fc66b33ba72a0a9f5b3efad5df0f758a28ef0b	ADHOC_SIGNED	YES	appletvos_bootstrap
/var/jb/usr/bin/fold	usr/bin/fold	2601623a3da770768e704b56070edb333abfdfdcca98c4e68e1d3ac82c9799cf	7D5B0DE2-6D0B-3B15-BA5D-BB7CD685D666	b72afaeaa7e681117e209c2106dff725d2eee197	ADHOC_SIGNED	YES	appletvos_bootstrap
/var/jb/usr/bin/fs_usage	usr/bin/fs_usage	3041b4c9d05ebcc1beb8a69dd9ca045b571210fc8bf890d726d1451b91ecf150	80ED0AF4-C6DA-39FA-8ADB-1D2EBC5C7F44	fd80f825c1581c6699b9f90a6f2c8a187487014e	ADHOC_SIGNED	YES	appletvos_bootstrap
/var/jb/usr/bin/getconf	usr/bin/getconf	c7bc73b07985345c2f6416409dd441afb86cb214b7d0f36a54d6506e87b80186	47C1B04D-A07C-3ED3-88A5-06C81399593F	34f219b0b39823fc56dd646f126bfc393f744c4e	ADHOC_SIGNED	YES	appletvos_bootstrap
/var/jb/usr/bin/getent	usr/bin/getent	bc64cfe6a585a315f2705f71a73a210d163419eb2568eadc2d517f8df98d34aa	A0151600-F8B0-3DD2-BC9A-79A838FE9800	3a7fb521ea2ba7a9508df7afbd9859a8b30a129e	ADHOC_SIGNED	YES	appletvos_bootstrap
/var/jb/usr/bin/getopt	usr/bin/getopt	6caf9235e433ebd8cab7f0a98fa031a1b87c9ce83f1e6313521f7fbce3bc5490	714EEC6C-0860-358B-9927-52E197004F5D	e80d3ffb8d8143b1708acdf15fdbc42f42868e4e	ADHOC_SIGNED	YES	appletvos_bootstrap
/var/jb/usr/bin/gpgv	usr/bin/gpgv	6296e0de08417fba7d8390c066c916ac46b5153d31a68923925edf269695463e	A57E2A91-350A-386F-A231-77DAAAC5414F	51379273493771e5224e283a55748a8e02aba6f9	ADHOC_SIGNED	YES	appletvos_bootstrap
/var/jb/usr/bin/grep	usr/bin/grep	b0131e2f2a78eeaf4453b972342c7011bce267a9f4d2c6cf17e2fff910b4443f	30EDB41E-8263-381A-938E-70F01371E503	6c123570bd4ebad8db987090d506ff4da7484e4b	ADHOC_SIGNED	YES	appletvos_bootstrap
/var/jb/usr/bin/groups	usr/bin/groups	04a00785aa10e1015556f8b49865ef5c20b84a354927589b0ec5603e8d39cbd0	8F2AF3AC-F94E-30FB-9661-75D5743731AE	d999cf64b1435e0894551c7e35d1d9c1d4d3371a	ADHOC_SIGNED	YES	appletvos_bootstrap
/var/jb/usr/bin/head	usr/bin/head	4cb8db99e396e341c495cbab4c5da9d34aa2ca141022465de1773c75a2f18c53	9C410F16-517D-3E30-A8C8-76A57F7E83F0	21a59f5c0a4c460b6a4861d128392dc6771f2993	ADHOC_SIGNED	YES	appletvos_bootstrap
/var/jb/usr/bin/hexdump	usr/bin/hexdump	6194b8d3b438e09770eed23ea9435670bd54a81f0da9e254ffc71e93341f96fb	0D61B011-A05E-3CBE-8A16-3DBB8AAFFECC	94cd46c286a6e8518fca8227f71561ce3fdcfa39	ADHOC_SIGNED	YES	appletvos_bootstrap
/var/jb/usr/bin/hostid	usr/bin/hostid	c86cdd1418b5edb3a047d129d82bcc25d88b3d4d23a6775c66bb0c44e51603bf	2154EE07-DA6B-35EF-8D20-011D5591A359	434ac6684c557e927f9a1c39bec97033b4d7c6ec	ADHOC_SIGNED	YES	appletvos_bootstrap
/var/jb/usr/bin/hostinfo	usr/bin/hostinfo	f40d5eb33796353e338a1c9d83f3200e7f8e85a967e2d7bff76f897cfbb42141	20026790-F014-3BD3-B52D-5DFDEDD16FE5	5319f472d4e6f8d3771f82426f38b5fb5c1c88a9	ADHOC_SIGNED	YES	appletvos_bootstrap
/var/jb/usr/bin/id	usr/bin/id	f66b1ec0f69a3c42eeeb169d9f1f735f7ac8e06e352ed93a9022da7bc413df22	70A5346C-D939-34E8-8615-A7C9BB17CEDB	65d9d1f998ba7c4778220c7781d57428cd502e4d	ADHOC_SIGNED	YES	appletvos_bootstrap
/var/jb/usr/bin/infocmp	usr/bin/infocmp	bc87cce96f718accfff1391737ac942d465f0f75b9088a295d32730001e92220	BB72959D-EFEE-3BAE-A83B-A1E1D3EFBBE2	94f1dca3f2b3159f8a39534751804ff47312dd28	ADHOC_SIGNED	YES	appletvos_bootstrap
/var/jb/usr/bin/install	usr/bin/install	3e7943dfee930dacb89e5dcef6df6db736af877c255300bbff70094765b4a5ab	696981ED-9122-36C3-A3E1-5F3BC80BE0D8	5d2ea2f4bcf62844e17a02a2385ce66bae3a0050	ADHOC_SIGNED	YES	appletvos_bootstrap
/var/jb/usr/bin/ipcrm	usr/bin/ipcrm	90e982e2231d3cb329604d875d2523ba081073ff980011b6603649dd1ef62f43	2F7042B9-F222-3A6D-ABE0-01220550D2AC	ddf505b4d1f5a4aa7388f3d7deb7907dddb5dc75	ADHOC_SIGNED	YES	appletvos_bootstrap
/var/jb/usr/bin/ipcs	usr/bin/ipcs	2913449a731382b0c9465357c09683069abcb45422e31960a5594bc0e96f5135	4D75FD9B-C9D5-36E4-9259-2FCCDEFB9D17	064cf32822184c03160bc8d328f9c5968d3d86e0	ADHOC_SIGNED	YES	appletvos_bootstrap
/var/jb/usr/bin/join	usr/bin/join	10d0705e72a325917bc5e750f57eac19f7650bba305dbb62b8e9a6875faecf08	47176D74-ACCD-36B4-80DD-37CBB102E476	59f6b0768e70dfaa3598011cab5cbd1cbc42f62c	ADHOC_SIGNED	YES	appletvos_bootstrap
/var/jb/usr/bin/jot	usr/bin/jot	70089ea9cb3c2355fe3a5b2e9df25bc28246011db2065031c30f5468a7c7c477	EDE37745-97CF-3087-A970-25C9AB9C42AD	a0aa6ca7fbf449905d9bfdb99555b54a8e06e6df	ADHOC_SIGNED	YES	appletvos_bootstrap
/var/jb/usr/bin/kill	usr/bin/kill	31defd33bedb0b4a6ab7a279c7b667fdddc8359dc8209e42b8c338beb8162af1	1EB98B7F-48E1-3802-970F-3563DA0FDA57	e56e4ea3fdbb1f2f6e858ab004c11ab340b5005e	ADHOC_SIGNED	YES	appletvos_bootstrap
/var/jb/usr/bin/killall	usr/bin/killall	cb5a6df9ecaa42ee84b59211956d4801d370bc36193ab18d06dbb80732154cab	A36BCEFE-3D3C-3AD0-B9CF-21E26699B768	d7d9c0a309e6d612e2c5acd9bba2a9520cf7b731	ADHOC_SIGNED	YES	appletvos_bootstrap
/var/jb/usr/bin/lastcomm	usr/bin/lastcomm	b5881f3f2aa1a06265dd715d2a41968518244cf667be2a0aa5dc63b2a4bdf4d4	3D859659-659B-3A1C-BD92-6D4F4808A506	fe45402ca7d5061d73cfedc261b32d26f75f0e04	ADHOC_SIGNED	YES	appletvos_bootstrap
/var/jb/usr/bin/latency	usr/bin/latency	11e00d2530a76a89c08a896c04c3e0ee49df30585a601f6fad4e7d7b4476ec09	1A7B99C3-65BE-39FE-A7E9-5FC2F41F9DC0	b9f27cc38aa19191f42446d29207e1088c6a73a9	ADHOC_SIGNED	YES	appletvos_bootstrap
/var/jb/usr/bin/launchctl	usr/bin/launchctl	1b479e0d0438a36742896b5b31e9ceacd3fb5de0faf9f9145dfa58f71b449599	4D2274CF-A52B-3438-94A7-B72F40CAA2A9	1e0cd403ff4073c448b55ef1f65a20ca79e89744	ADHOC_SIGNED	YES	appletvos_bootstrap
/var/jb/usr/bin/ldrestart	usr/bin/ldrestart	05a3bb91ac91d867fadb95d41ace8a6ffcf27e69cf91324722dd4dbc68e5c1d0	FB92281F-18E6-3502-9E9A-CEC6FAF7D0FB	ffbff10682b761ce80078b475d569c27a1c4493c	ADHOC_SIGNED	YES	appletvos_bootstrap
/var/jb/usr/bin/link	usr/bin/link	a8d95eaf176f04b45e25f7e4b86940144005a8c2428b5dc4244ff01d05d95a06	9D5890D4-253A-3D9F-8004-C43099C20201	b0b2ee6be07ee5a86803b491a8cc2d6bf2bae540	ADHOC_SIGNED	YES	appletvos_bootstrap
/var/jb/usr/bin/ln	usr/bin/ln	815da45ed20223ed241dc50b68a9008c7ebf7e15a5113202fb98c525011dbe78	CD348DBB-2035-340B-92A9-2CDC47D8040C	2f1e4e4103ca5eda51dcfff6b9f016a2e05ea79d	ADHOC_SIGNED	YES	appletvos_bootstrap
/var/jb/usr/bin/locate	usr/bin/locate	f27ceec7aa185bf6621c177d5130441cf4be9cb01fad15542448b08e48bb6b20	196E83E4-5145-313F-A155-3974025A3FB8	670b683aa33a19a5191d502eb8d0060826372f24	ADHOC_SIGNED	YES	appletvos_bootstrap
/var/jb/usr/bin/login	usr/bin/login	25fdac78f185339a27025f018093cb61d9da20e772d8207ad40187c750713e60	68CB6976-2351-3B73-ACE1-FA022870A699	af7e4e460b254d9ff2c8a66e793d6d96373c8594	ADHOC_SIGNED	YES	appletvos_bootstrap
/var/jb/usr/bin/logname	usr/bin/logname	aa350e70a3f2823796431e0489016fc29dda10dafdaf2568370f986bcf99f901	EF7AE621-092C-3312-99C6-28F438F3BE40	4297afa7f73ff24e6f1a45aae1a174eddffb3642	ADHOC_SIGNED	YES	appletvos_bootstrap
/var/jb/usr/bin/ls	usr/bin/ls	416ff76011777f0bffdbcecc25b03a7cbead49a25c68fc1b61c428b43d0a2a63	93C875DC-F895-3E67-B19C-8C5D50C3F4A8	b5053b7ae5c1b233c617ca9f1fca16b4e8e8f54e	ADHOC_SIGNED	YES	appletvos_bootstrap
/var/jb/usr/bin/lskq	usr/bin/lskq	69375b76ff511c7b2d1530662e9db84c5704983789e35db7365f2ab32cb3f612	C37AFDE6-3ACE-369B-9C90-6AA525E3E5D9	b4ef9ff305290cd41f37c65f9ea9f21caeed862d	ADHOC_SIGNED	YES	appletvos_bootstrap
/var/jb/usr/bin/lsmp	usr/bin/lsmp	5cb5e9e595f60ff5b1319eb54cf5d72da7f4968d553dadb5d75a03ed51eda8cf	939FB7BA-AB82-3721-B3B2-50F758D1A37B	fab23c402fe876b9c7d55e2cccb4c976d2080eba	ADHOC_SIGNED	YES	appletvos_bootstrap
/var/jb/usr/bin/md5sum	usr/bin/md5sum	1af1367cf78af80aa37797b0e50ad486ed2c2f8633524c0b55d5692366b05ec1	F367F54D-C8C5-3563-8F4E-20AED7ACB783	4eea3ff9de16e7bcc044a6dbcf1491e3c4e488e4	ADHOC_SIGNED	YES	appletvos_bootstrap
/var/jb/usr/bin/memory_pressure	usr/bin/memory_pressure	31c9b3f1c585b589cc62497ac8a038cd241835f88886b6ebd4a98c553a65cb12	65E858C3-E863-38B6-A25A-09E9EBB785D3	f063502d08e920d0a8a444dae930f98fb4f372e1	ADHOC_SIGNED	YES	appletvos_bootstrap
/var/jb/usr/bin/mgask	usr/bin/mgask	e5969d99acb48f2275786d6bb79fb6a7397f471bd169313ef3832f21db4fcf79	A25585D5-2393-370E-9E30-911ADB2DE4DB	fdb1b2ed49cc8f2e0d8cea969b906fdd06cf6b62	ADHOC_SIGNED	YES	appletvos_bootstrap
/var/jb/usr/bin/mkdir	usr/bin/mkdir	6d7365fd4354333b4f900e7c628674510253a6cc0e1b6d5e9677f4ef8b5fcbfc	ACA9AEFC-CC31-35B5-9B2D-C9159FCE1D27	b78c9b118dde8f0a040d183530a4cd5d78241586	ADHOC_SIGNED	YES	appletvos_bootstrap
/var/jb/usr/bin/mkfifo	usr/bin/mkfifo	36c654617e2e1d53b050be3b7e77b25369698ef6c76bfce0cc8ca7df39f7a856	4372865E-B693-37AB-A492-F68B7387AFEC	ee4ab148e615b7a2d530903d917599fe1491e0ff	ADHOC_SIGNED	YES	appletvos_bootstrap
/var/jb/usr/bin/mknod	usr/bin/mknod	9852a81025579768d25e36c53214991ac6c4290d865012918fbf83e6dc33af62	4502E0DD-5796-380C-B622-A187EA78F1FA	fbc5c82c3ec99259653cf2c395978e9b28c3438b	ADHOC_SIGNED	YES	appletvos_bootstrap
/var/jb/usr/bin/mktemp	usr/bin/mktemp	e6d829d870176e797341a0a12a3f4db77db7b06cec3dc081fba00f8f8c966c74	E6347DF6-2A1B-3F8C-84C7-AE6F4DF2E9D0	e9259c6bd980a494cedc443348b8a52550a49f0c	ADHOC_SIGNED	YES	appletvos_bootstrap
/var/jb/usr/bin/mv	usr/bin/mv	ad4852f6fd03ba24014ece50e8091cd720decd3719d025602a9ed748146d968c	332153A5-7DF1-3279-B7B9-589393CD5BE8	888d9e58aac83fecac0ad2ab4440005655fe5f21	ADHOC_SIGNED	YES	appletvos_bootstrap
/var/jb/usr/bin/newgrp	usr/bin/newgrp	aa6a1f689962bc840c529bcc202402000328177eef2176515eb7ce28415fe251	8B406F6A-1B2F-37A7-A99F-FAE5A88498F7	715645cf742f79a285600b05bc382c4f1f0bf8dc	ADHOC_SIGNED	YES	appletvos_bootstrap
/var/jb/usr/bin/nice	usr/bin/nice	438b12e520f28c83efdb9ecda77f5637733b3a97a6a672fdf29bda9f17fdff87	8787D1A0-A8B1-3816-84C0-C1D7D4085823	6c7f2ce42b2dbec36e1fefea5d8c55d5fcb6a172	ADHOC_SIGNED	YES	appletvos_bootstrap
/var/jb/usr/bin/nl	usr/bin/nl	97a8eccdef7979acd58022404f41891e59669c166827dbf4561fb9ed9d57a27a	5E6AEC57-FCD1-3D19-A8F9-18A8F6C12C36	a40f84befc18b213b12c44d6df26ea81d2a993f8	ADHOC_SIGNED	YES	appletvos_bootstrap
/var/jb/usr/bin/nohup	usr/bin/nohup	812b66795337bdd6495cc619e1c0d638752190f4437f7b26fbad2ab94f231275	6C720FA0-23C1-3D61-B880-05789DC0EC45	a5dad30fa42029a60406fb8440978bca6dfefb78	ADHOC_SIGNED	YES	appletvos_bootstrap
/var/jb/usr/bin/nproc	usr/bin/nproc	517396c772768597d087dbed08c49275fcaaf7b0ba5297352fd48fdd6b32712c	7A8512F8-0CF7-3228-A122-00ADADDFE80C	d3db7ec040254f2e0c114c60a57d22fc49ba0b18	ADHOC_SIGNED	YES	appletvos_bootstrap
/var/jb/usr/bin/numfmt	usr/bin/numfmt	435326c341a0d68a9fff4ef48e701e2bb144f3c8fd9c0f2eaf7b3a3584dc068a	74CB1EB8-401E-3968-B75D-D773DB5FF46D	2057e2dfa8af36685e1e8fba094598b6e4006c9c	ADHOC_SIGNED	YES	appletvos_bootstrap
/var/jb/usr/bin/od	usr/bin/od	b0bdf256354d9e3b61793cb7d1141b2cf243d40f9ff754841883e8a9f086b1a4	3FB6CE86-F8F7-3F3D-B149-9BC044F0168B	95e172ae5389a35f53e62d55490c19c4ff804e64	ADHOC_SIGNED	YES	appletvos_bootstrap
/var/jb/usr/bin/passwd	usr/bin/passwd	26138cdc4ab9d04c5db11d05ba7c22f1eeaab828456e5b0001136a9b569b0825	5D816095-0491-3046-8CFA-19ACE156C251	e24bba8b964703f5a223291936b058ee3e8abc3c	ADHOC_SIGNED	YES	appletvos_bootstrap
/var/jb/usr/bin/paste	usr/bin/paste	5a1acb8691bc293f5dfcb62f8d12f8f7b262b3e14f609b9ab04bee3e4067fc24	7FA5D071-ECBE-396D-9272-12B5927E2529	5d612c1cb150fc595e5ace90ca4d70e73d891f28	ADHOC_SIGNED	YES	appletvos_bootstrap
/var/jb/usr/bin/pathchk	usr/bin/pathchk	2edf4c0292e8a49fbb454410c8a4f6a3ae288d0de73d601eaade7e13069bf2ca	ABCDEB9E-D8C0-32D4-A4C6-F4890CFBB8DE	72f26c2742aaf5334b9191bdf34e1d64cc94aa2f	ADHOC_SIGNED	YES	appletvos_bootstrap
/var/jb/usr/bin/pax	usr/bin/pax	cf1b4961ace055ed4acde8cb1eaffe4d817865efcee6c06414a06afdced2631e	2B185586-0D55-3200-AA42-1E9150C1BF93	c73284a0b480b0e6b1a806aa5831bb05c315a84f	ADHOC_SIGNED	YES	appletvos_bootstrap
/var/jb/usr/bin/pinky	usr/bin/pinky	e9f3a43c30a31b0cc2093f6364f4aafe9783999b88a0d2944f7868752d3660c7	617C3274-07B3-30F2-9A58-8DCEEEDEC3C4	cdbe00c60e6326f3e1649be192aadb9da18ddee0	ADHOC_SIGNED	YES	appletvos_bootstrap
/var/jb/usr/bin/pr	usr/bin/pr	eb9ebe31e83d2f22e82e5477d5f8463ea1f17eec5492a6413422f40f206dce7b	6939B93D-9E1D-34F5-81EA-8755552CFF68	56b9c45d2b592885fe10c07dc4a0ab31dd7e6771	ADHOC_SIGNED	YES	appletvos_bootstrap
/var/jb/usr/bin/printenv	usr/bin/printenv	29eeceb2790e19ebdd39f196e9d2df8031215469061de56371b8b719fe89fb29	CDDBF192-AD0E-35B4-B508-08E9729A185D	3c5e7073affa96cd082c9cab0e2dfc65aa0b19b9	ADHOC_SIGNED	YES	appletvos_bootstrap
/var/jb/usr/bin/printf	usr/bin/printf	ea74f3e2ebfb1a8f8205e356a1d2cadeb1971e35f39e6e2a1cb3c984a71504f9	5DE22935-1403-3709-9B6D-4630B2C60F95	b89dbe9e75dcaf18b44694f4ba681873252f4beb	ADHOC_SIGNED	YES	appletvos_bootstrap
/var/jb/usr/bin/ptx	usr/bin/ptx	7d8b9ac5b8004ecc9efdef88f320b6df97f9554efae6f3051b49aa54fd5e6c99	C66119A9-17AF-3372-97B2-48B53974CB39	0ab2e44f369a2ca3b23381e6d89ef94af54235c5	ADHOC_SIGNED	YES	appletvos_bootstrap
/var/jb/usr/bin/purge	usr/bin/purge	26decc107ed518856ffac55e3f8867b22c0673ff7643396747f1d2fabdfcdd62	C282E345-3FD4-3DE7-AACB-BA641C7DACFE	2f29ab01e4258b4029656a92138c833b6f954477	ADHOC_SIGNED	YES	appletvos_bootstrap
/var/jb/usr/bin/pwd	usr/bin/pwd	fe318425142d5883d3cfa059124871c4632c1f05ea472e0548b5cf9f0c298548	BEC77FEC-5301-30B7-A46D-4206E4EFC6AD	2dbeae67b49427d26ce7a21f273e47d8ee2a86ae	ADHOC_SIGNED	YES	appletvos_bootstrap
/var/jb/usr/bin/quota	usr/bin/quota	4f097c4cd4b5a76d59fc6968c458fcb6e23609035b664f048b5e7014c78ed649	9C37F139-E7F5-3446-81C6-15EDC2EBAC24	577d4f91184a337d37ee704000dae9cfb263f3eb	ADHOC_SIGNED	YES	appletvos_bootstrap
/var/jb/usr/bin/readlink	usr/bin/readlink	11c1a9f7b3ac912a845501e9b7f256f568540371920fe1bf6e06dd4c42535458	B9C74984-C58D-323C-8B2E-760E7956B5F5	da8f4c05c9b3beadb47fca891c319d91438a5b8a	ADHOC_SIGNED	YES	appletvos_bootstrap
/var/jb/usr/bin/realpath	usr/bin/realpath	39c29c900a58f65885155cfc4f7157fccef3d1ae050e3d02de33cad2d2b21177	832A7536-C88D-33A5-A7C6-568B887E1831	cae11166eacbe7a0e46230aac53955057bf521eb	ADHOC_SIGNED	YES	appletvos_bootstrap
/var/jb/usr/bin/renice	usr/bin/renice	ae9fd4b5f04ba40fb633a8d538aa928cd646a3fb00c644ec2998725368168d91	9CE8C9E4-9FD7-3BE0-AF26-316300348E98	7a3c996c1e3240ac4412588773cfb0b0425484b0	ADHOC_SIGNED	YES	appletvos_bootstrap
/var/jb/usr/bin/rm	usr/bin/rm	2e2d2f533dcd2287022efafc62142a44c742b587bbff2ee101f7509cdc4009fe	3C51DBB6-92B5-36D5-BBD8-CCFEF743A1B1	070d6282b40b463e693cc15e45f5f502414d7616	ADHOC_SIGNED	YES	appletvos_bootstrap
/var/jb/usr/bin/rmdir	usr/bin/rmdir	9619669cbbd5901cfd6207f1a923b0837a512882587f27caa166b01e4cdcd7c7	55F7AF5B-D606-3E5E-BEAC-82CBB041D19F	e0872bf46d9b8fce177f57bae63e5212be1f54a1	ADHOC_SIGNED	YES	appletvos_bootstrap
/var/jb/usr/bin/run-parts	usr/bin/run-parts	fe8568a5dddfeff465ff96314ec06f39c12f7382b73c2d0444408ee45f6cb0ad	D823C59A-BCF7-3B0E-AD07-C7737950DD7C	3170d2710420852b15fed25053019668b1065ae8	ADHOC_SIGNED	YES	appletvos_bootstrap
/var/jb/usr/bin/runcon	usr/bin/runcon	ff811132f67afb51a31ea220d0dc4d77e6a4821fdac2cc95cd472b1fd53d33ac	A4F19486-F646-3D5C-986D-581D58820017	5bba782a12ed37e35c0327e7540f9d36cbbf4873	ADHOC_SIGNED	YES	appletvos_bootstrap
/var/jb/usr/bin/sbreload	usr/bin/sbreload	270d4540390ed259dd47a21cc6fdab2a84955cc8d44a4a16a6eb27ac4252beb1	99A2174D-9734-31C4-8543-39801FC74119	d3b30709e9fbf50cfe118b4c32c511cc0b78c95d	ADHOC_SIGNED	YES	appletvos_bootstrap
/var/jb/usr/bin/sc_usage	usr/bin/sc_usage	338d00a1231dd9c8fced7514156e17b9162238d53a2ec71fc39f09dc78438b62	CF3AC16D-AA06-3495-9D4F-D295A3C039CE	de887ae9248f9176b36d423dfb876bafc91238c4	ADHOC_SIGNED	YES	appletvos_bootstrap
/var/jb/usr/bin/script	usr/bin/script	2d04f696c5967b07fdc7b74f78622f8911995458098db4a1e87949782585760a	C7CFFB68-1129-3905-9D02-BEDC8024FE08	a9a62f51cc7af46e4cd579ef0b397889437fdb43	ADHOC_SIGNED	YES	appletvos_bootstrap
/var/jb/usr/bin/sdiff	usr/bin/sdiff	b9f5246a84a111d36c2705df395dc5091ec75c7cdc6961a4f18ca590c5b7adf3	8DB426F3-B254-345C-A434-96035A5B2DCE	9695ff24099066e401f83d2b6fb63f549e742891	ADHOC_SIGNED	YES	appletvos_bootstrap
/var/jb/usr/bin/sed	usr/bin/sed	14fb85a318f3b7a7d035fdb66caa94f18f6240c5cd7373ae9c5dfc72f821827b	C29FAD41-DC6E-3787-8B21-C3968A6B26C7	e7fd4c3e3a5d898bdfc03b11ed5efca67d236807	ADHOC_SIGNED	YES	appletvos_bootstrap
/var/jb/usr/bin/seq	usr/bin/seq	2803f0a1e40482d10b358d03c520c0ea039356c9f1e32350a93d75dd11c3741f	1DCFB034-E590-374C-A6D7-38195BF14A81	172b5d7ddc336d6ae4f1dde31f798e8c91fdf97c	ADHOC_SIGNED	YES	appletvos_bootstrap
/var/jb/usr/bin/sha1sum	usr/bin/sha1sum	87fa9b39692f65e8c85b3410099e92ff25d457e24e840b70c3b27555d9796d4a	2C40C8EA-BDF8-3D93-B454-3DCFDC48F320	c34d10283407070180868bea0497c81e566a53ec	ADHOC_SIGNED	YES	appletvos_bootstrap
/var/jb/usr/bin/sha224sum	usr/bin/sha224sum	f9def85c32cf6427cfab2407c65fdf61a8ab1e65e2feecdb222ed4a9ed75b992	01EDA101-E403-33EE-BBDF-B1EBE4FB936A	9dd8ab7a96fda681d08e43dd46e26829122512b6	ADHOC_SIGNED	YES	appletvos_bootstrap
/var/jb/usr/bin/sha256sum	usr/bin/sha256sum	c642d92b18d9f114cfc0ced48a760043d4c33d575da723fe8f299a0e08870a1f	53BE219B-A6D5-38F5-97DC-BC05396892B1	d13860a1bd9a599d50fbedab2ed4f96f391a69d0	ADHOC_SIGNED	YES	appletvos_bootstrap
/var/jb/usr/bin/sha384sum	usr/bin/sha384sum	48353b52a843c15f29806cad096415c0cfd847a1f7fa0742f7289eae4f3ca1bc	D0C3B6E5-6F38-3913-BAFC-3B0733171AF1	e1171b1a8a10f6d6b0dd6e681bb8172c47e7fca1	ADHOC_SIGNED	YES	appletvos_bootstrap
/var/jb/usr/bin/sha512sum	usr/bin/sha512sum	6bf41fb78a9a59b057fea603947a71fe3495eaf8d610652799b634fa42b47e8d	752F2360-C908-37E4-8423-1B38ED696F43	547ed33472a587bb89fe2743b16dee7b2d34c3de	ADHOC_SIGNED	YES	appletvos_bootstrap
/var/jb/usr/bin/shlock	usr/bin/shlock	a618ef06a06019c2b2ef01cca41fc6dfde72188df73433be9664095ad4fadae0	EC7FDD16-0F2D-38D7-A304-72544D2662CC	a1795e59250a04b7856c3caea253417558d08fba	ADHOC_SIGNED	YES	appletvos_bootstrap
/var/jb/usr/bin/shred	usr/bin/shred	1d7912907e5717b5fe4635911298e8f267d21166c88daa85aaf33648d8dd29eb	A015B710-39E6-3693-9A83-112B7189F813	efda1ca298aa9fb710331a7a9666321993c4b3fa	ADHOC_SIGNED	YES	appletvos_bootstrap
/var/jb/usr/bin/shuf	usr/bin/shuf	aee26bf9fca82e05754eb23544cec82b47eae5372a36448d68a0420d57637ed7	0C9FF2FD-CF6F-3B2B-9093-BC84733D6033	cacd8f2a017af42f64a8680e3bfe9d1285d66703	ADHOC_SIGNED	YES	appletvos_bootstrap
/var/jb/usr/bin/sleep	usr/bin/sleep	39c1e6a2a7d1358b57ac081cfbc52e2c2881e5a0a4c523f5bc0eced1901a274d	AAECD9A6-E28A-35E0-920E-C9F3D8A95A71	4417af18b2dea61fc2a0588180c2803c36ca575e	ADHOC_SIGNED	YES	appletvos_bootstrap
/var/jb/usr/bin/snaputil	usr/bin/snaputil	57803cf3ed4ee78a2aba9772a5a05fc4d3f3864d013d8b6d737627d726d05826	2548FE38-E29E-373D-9BCC-3935D6F3F07C	91aecfd4282354cdb7cf570e18a6459d506d48b1	ADHOC_SIGNED	YES	appletvos_bootstrap
/var/jb/usr/bin/sort	usr/bin/sort	31462c6361468dc8b3a81905f5727fc7a0e403d282aefbdceea4942e13848d50	252C7CF5-EEAF-3C50-8871-C6471582EF60	71a0ea1c61202f1fca2b4346880331a666b55fad	ADHOC_SIGNED	YES	appletvos_bootstrap
/var/jb/usr/bin/split	usr/bin/split	24aca8da2c4eaef85edd72fe0fb6ba11ed913d36a14b479cbcab910c921111f2	7AB46618-4A8F-3318-A981-6C00C919611B	a9717be4ef95c527d4e724538330ac52aa0a7732	ADHOC_SIGNED	YES	appletvos_bootstrap
/var/jb/usr/bin/stackshot	usr/bin/stackshot	9365a5f33793a9f8dfaeed86f7ee3843531edb77bed692a5f0ad43754df42064	F81B1A2E-B44B-31A7-929A-6392C684D5B1	42a0182f4c699a09c6b1ff27404c236b81272d96	ADHOC_SIGNED	YES	appletvos_bootstrap
/var/jb/usr/bin/stat	usr/bin/stat	78035e0c45d74ad28973a648b5a7043ff31136a2a88906032b4bcd4b3220a68a	C19662EB-BFBD-3648-BE9D-EAB82C27ACA5	fd722f28cbf01209efa4e63ef2bb696225b38b51	ADHOC_SIGNED	YES	appletvos_bootstrap
/var/jb/usr/bin/stdbuf	usr/bin/stdbuf	79f33eff529872c043c294a45f8bdfcc7a06f1fce58b27883d97b9f1a9c50e3c	801644F9-AE6C-376A-BCFB-EC0D577E1D99	42663d2a2987d34c3817811b51842dfa6c3ecf2d	ADHOC_SIGNED	YES	appletvos_bootstrap
/var/jb/usr/bin/stty	usr/bin/stty	9c2f81c577aaa2be32d2b7e36b607e5869f906579d518ac3bb6f9f8fc4f5c6a4	1FCDC4FF-A2AA-3460-BC1E-A1490CEF205E	8b5e4730c4d34b60efa3d96b25f2277e20065135	ADHOC_SIGNED	YES	appletvos_bootstrap
/var/jb/usr/bin/su	usr/bin/su	cefd16efbd581c71c7b1a1109f25f78074a9582cb1acb3601dccd363521065f9	416EED7F-5C44-3F5A-90C3-7979121DD4B5	0da6abaa61562916c5b16980aba732d342132538	ADHOC_SIGNED	YES	appletvos_bootstrap
/var/jb/usr/bin/sudo	usr/bin/sudo	1fcb2522a788044debb29d632631f56d96136b58e9169795899cf15138dac9a1	97427A4A-B338-35E6-B30C-5CA351BB2DBE	beae6a31e90033eed175982e52cb834405989aba	ADHOC_SIGNED	YES	appletvos_bootstrap
/var/jb/usr/bin/sudoreplay	usr/bin/sudoreplay	e698b6f7819cd6ba733b6c5361cd1b5821b25491707c56274b9aeca27a0c62f5	5B7165ED-51A3-3612-8C28-E13D8605445A	3e61dc15e6bf6685e44e8355e7ac533a41ab0ae0	ADHOC_SIGNED	YES	appletvos_bootstrap
/var/jb/usr/bin/sum	usr/bin/sum	fe880c3528c83ab478f043f2ea27c0d7d285ac7000c79cf27ac78e5b244cc28f	10932FFF-AC8F-34F1-B914-4ECE70ED4314	85892278671f54ce37992f0941a4d9c70e9f6215	ADHOC_SIGNED	YES	appletvos_bootstrap
/var/jb/usr/bin/sw_vers	usr/bin/sw_vers	d31f87f2fae689a0093c17d5b14822eaef004ab34fb41720bf08d50c8d3d4a4a	C424AD9E-B1F5-35A7-9674-72A59798791C	7cbbc668d000f0df73877b3f9673813811733291	ADHOC_SIGNED	YES	appletvos_bootstrap
/var/jb/usr/bin/sync	usr/bin/sync	83f3431f08a33805f525f2518dc210932f02c4db4a64afa51dc2840d4d9abed7	5745D9A1-7F4A-32FD-BDFA-A1CCD859764B	627b839086d53923b0cdb276adf588ffb6029592	ADHOC_SIGNED	YES	appletvos_bootstrap
/var/jb/usr/bin/systime	usr/bin/systime	45f344eb29beeb24496b3d3f0d825f1b2a0b3588764806430a68b490a17773ce	4A6B60AE-59C0-3019-B7D4-4830D9AD16F6	d2851e127600b57f929fa211b76496378690e9d6	ADHOC_SIGNED	YES	appletvos_bootstrap
/var/jb/usr/bin/tac	usr/bin/tac	12507edb6134d4aa1e990d8dac565461758373567d3f45564be596febbde61fc	306CBE56-83BD-3FD6-9AB8-3D71A65AFD75	d1476f266065ecf4f3cf78d6a14e9f1562198da2	ADHOC_SIGNED	YES	appletvos_bootstrap
/var/jb/usr/bin/tail	usr/bin/tail	d6df66911ae3bb3e4ffbad0761edd53d55f2d4e53f8286a56901605d0d1fd7de	1B1F102B-74FA-30A9-AD31-7844C4A2F505	287f679df47c42a1e26969f7a9af794d7004c128	ADHOC_SIGNED	YES	appletvos_bootstrap
/var/jb/usr/bin/tar	usr/bin/tar	6db056391590536f5eea43336299aa1f2a09ca3888340f2d729596c8adb764c7	A3729920-6473-3521-9D9A-9D11D6BEF8A1	76ebf4f7c7e708fa342a0a7effafa2d82405ec9c	ADHOC_SIGNED	YES	appletvos_bootstrap
/var/jb/usr/bin/tee	usr/bin/tee	1a7ac750c5f6b2fa6ccc21cbe34ba086cc1a96a85c8626aee26075c24c0765d9	F090B3AB-0CC5-3D07-BB11-BEF616A8A35B	f044d22ede2acd42d6ae6172d5d6585dc376804c	ADHOC_SIGNED	YES	appletvos_bootstrap
/var/jb/usr/bin/tempfile	usr/bin/tempfile	2142bb344dedfdc8dc94844914a10fa47595696cf38416edf502df856ab97ddd	F8846F2F-35B6-3B11-933D-B5EDF5630E15	7d293c9b6fcd0c255a4c5f5929175a58861ccc20	ADHOC_SIGNED	YES	appletvos_bootstrap
/var/jb/usr/bin/test	usr/bin/test	9dd41ce983ea2606f8e8a8b4f70399a0f1d6e4cf3cd7d536dd04fd0c71c1ee20	91E7563C-3C33-339E-AEEF-195E90B491B8	27548b572403cbc09c8cfd72824cec7f753d70a5	ADHOC_SIGNED	YES	appletvos_bootstrap
/var/jb/usr/bin/tic	usr/bin/tic	dd90492b1196f018151cc2358701cef7fb782c743bc070c3a1f93117a9c229ba	535CE2CA-44A7-3BE2-990E-7FC832106CFF	1076f6ad316dea5e8e4654e256ba3e8a6accc9b6	ADHOC_SIGNED	YES	appletvos_bootstrap
/var/jb/usr/bin/time	usr/bin/time	284ef93cd02cb7af31eacf1e6cb440b7eb5e6caadfc16ba6e974af1d4b370826	986C1701-09D8-3873-B329-06741434D494	27c987eb23ba99b6e06083eee13df6821969dbd1	ADHOC_SIGNED	YES	appletvos_bootstrap
/var/jb/usr/bin/timeout	usr/bin/timeout	89374c781beaa1982292da78654a04f38d2b41a886033f2cb616d807d3955a39	F5FB1A77-1607-34B8-937A-CE01D5694692	22c231873c139018ef31aae2c04afa04c4d6af01	ADHOC_SIGNED	YES	appletvos_bootstrap
/var/jb/usr/bin/toe	usr/bin/toe	758d7478047dd9e552c0a094ff0f78002a73a18af33e3e13c90587c4f9f7142d	6CF01AFC-2204-34FC-BE7C-8B40CBA5FA08	6c9a7e98d800ab0bd2308ad0e0567f84b579c8d9	ADHOC_SIGNED	YES	appletvos_bootstrap
/var/jb/usr/bin/touch	usr/bin/touch	aec017f4186bb919bbb6dada6bb23f63364f339e53785bbf759ff16f789da9d7	F3FA66DE-A76E-335A-96ED-4A7F8DDEA980	f2a4241028553bd2a10bfe2e19942fa5c00b02f7	ADHOC_SIGNED	YES	appletvos_bootstrap
/var/jb/usr/bin/tput	usr/bin/tput	f314e782c7d36ce0bf70169c1f9265d21e7d51d490fc49e24d87533658f752fa	8655F3FD-B60E-3E43-AE5B-871DD337EB62	0f1e3049dff4ab0b8b87f14a039314ded67712a1	ADHOC_SIGNED	YES	appletvos_bootstrap
/var/jb/usr/bin/tr	usr/bin/tr	d0ca7f9f3cb940665d7522c9afb26d94784b088e8d0372f93569956130828dc4	82FB352F-9474-3B75-BAF6-FB7871DD9931	39ede58096a51f0caac1c0e41ab7ae48d1525bf0	ADHOC_SIGNED	YES	appletvos_bootstrap
/var/jb/usr/bin/true	usr/bin/true	17757bc17de3b0a0e773dd326113c378143f1e31204fa233c48d9ead7e58cbcc	63C41C84-4D57-3DFD-B848-38B88ACFE976	1ce2cec56f9e92ed3b2f68b09f9b9f45c83ab9f4	ADHOC_SIGNED	YES	appletvos_bootstrap
/var/jb/usr/bin/truncate	usr/bin/truncate	58f559189f3b3cd55fffceb1f3f0e97970060890a8a716828e3bb6450cff1041	29363F3F-1963-3CA5-9818-10BE9EF0FD14	d45393a97262afafa326651a9e1455a77cc39122	ADHOC_SIGNED	YES	appletvos_bootstrap
/var/jb/usr/bin/tset	usr/bin/tset	b9dcbaa140a33e2e901a646540b732b514b5d6283a4e8f742cb77dd5bc9d80ac	223FD9F6-799A-30D9-83B5-5B331AACB088	754d083786c91526617776c72ce9b02a8a6c99d8	ADHOC_SIGNED	YES	appletvos_bootstrap
/var/jb/usr/bin/tsort	usr/bin/tsort	8cd92b89cbeccbcbd365477b997380927b0eca6f2b9fd4882d378c373f7fbc05	B4E3F49B-AADB-31FB-8C08-115D250FDCFF	99c992c3941527add0bb2033e1e740e7e0208bf8	ADHOC_SIGNED	YES	appletvos_bootstrap
/var/jb/usr/bin/tty	usr/bin/tty	a10e665be9599efd6c7f0e846afeba00981d42b6b3dcbd951a6b58957b65a82c	BA07C70A-1097-3D35-9C27-02254926C7B8	03d3b7a3d766406b123da25bbbd058ab4b27ea09	ADHOC_SIGNED	YES	appletvos_bootstrap
/var/jb/usr/bin/uialert	usr/bin/uialert	aa065e669ca866bf619fd88709fcadd06059af58345202bb1ca2a71b91ce743c	38EEB0E4-76E1-3066-9CD5-4BA8125FEEF9	d6ca2db4f9265eda350446001418c0fcf2ff34fa	ADHOC_SIGNED	YES	appletvos_bootstrap
/var/jb/usr/bin/uicache	usr/bin/uicache	4b12295dc788ba8cf334972b3b2b29b1d5387a0eb9eb163aea90eedb510423a1	B8930CCC-7C67-30DC-B6E8-7B69298A95A8	df4fc91613b44a95b12e441aa1fb4d106767a3f8	ADHOC_SIGNED	YES	appletvos_bootstrap
/var/jb/usr/bin/uiopen	usr/bin/uiopen	5c1d7593d67f8cd0ff0cd5f50c442d0bf56af3c9e6b322e467bfb7000db23ec0	CDB31C70-D234-3BD4-931C-E2361FA2CA03	36e1c5f537822fac5a084481ca0e96face73c495	ADHOC_SIGNED	YES	appletvos_bootstrap
/var/jb/usr/bin/uname	usr/bin/uname	48a230b489e02f2dca38eb79d1e9d1af4565410b05977384f13ee37dceb1f7d6	3E1F511E-64F4-375F-9BFD-69DB068D42C6	ba13eec5603c96266b61fa837ef322581324002e	ADHOC_SIGNED	YES	appletvos_bootstrap
/var/jb/usr/bin/unexpand	usr/bin/unexpand	62a6117fb09eb54de06c3fd2fc74fa52a723134f976da4a46a2fe569a1bc7b28	FF764E66-BCC1-35FE-9DEA-614FE9738ADD	10b3d7897ae61a6d33c68b06515d38977e63420c	ADHOC_SIGNED	YES	appletvos_bootstrap
/var/jb/usr/bin/uniq	usr/bin/uniq	c1c49b09f74cae242b00389589e9ef1b693520e23097a7237c31c6aa8d2ce132	D43F9E9D-041B-3AE6-9B95-7AB96FF8C075	0a9de4c6b302bfe55e7e84361c7e3918070eaa6a	ADHOC_SIGNED	YES	appletvos_bootstrap
/var/jb/usr/bin/unlink	usr/bin/unlink	8043116e52712e19f37f16757d8873b5836adff9b0d8b0a289934207e3c9ebb9	1980026F-8AA5-37B8-BB22-8F4D718EDB24	bb334e570e29252b200bf57952c8667441c0afeb	ADHOC_SIGNED	YES	appletvos_bootstrap
/var/jb/usr/bin/update-alternatives	usr/bin/update-alternatives	a8c23f36689758b5051f236bc5458c2adba1871f51e31b83c2df1c7f03da35f0	A75B7E0F-3887-3196-BE73-F65117008F65	1b3623ff072113abbc2a9dc357b847a70456c94d	ADHOC_SIGNED	YES	appletvos_bootstrap
/var/jb/usr/bin/uptime	usr/bin/uptime	3b36e0ca12eb7374380077cbec7e92b43b08382955f648fec8bf67ff0d6e21ce	7826E166-0D12-3FC1-A79D-93C29E5C1FB6	69bc2f15da00bee7f02b9d95d49f92ed2d45b5bc	ADHOC_SIGNED	YES	appletvos_bootstrap
/var/jb/usr/bin/users	usr/bin/users	90b92f09badc47df47a0bbc7db708d4fc7cc9da7fed74948e0b349aa18652e08	8BC2FF00-9ADE-327A-B638-006424AC5EF0	f2dc8f5e24e7bad53fe1a0090e6c1730feb785a1	ADHOC_SIGNED	YES	appletvos_bootstrap
/var/jb/usr/bin/vdir	usr/bin/vdir	564c8ccdf6944a76aaea6198c073beb977524a35d8d17774f6954aa52957314c	DD254F71-FBD0-39D6-BBB9-F8350274C641	16bae31536e0b6c1ae1eac59b3cfc9f6ef256d1d	ADHOC_SIGNED	YES	appletvos_bootstrap
/var/jb/usr/bin/w	usr/bin/w	232f575855693c80751033328d2751e09bc7124b77176b619d1dae7dde09780b	B66E6ED5-A5D2-304B-A1A5-A92F5481A634	1cdf2bf0ad20af26578c4c0a8c6b1dc01aa0f2f6	ADHOC_SIGNED	YES	appletvos_bootstrap
/var/jb/usr/bin/wait4path	usr/bin/wait4path	d006e6f9228b3ea97b58975bf982295ad790db3c80bc741831f2de0cdaa5c705	872775D2-5EB5-3FAF-B948-37AA680573F9	c7c70af52efc1e1f7e715555adcddce5d788396b	ADHOC_SIGNED	YES	appletvos_bootstrap
/var/jb/usr/bin/wc	usr/bin/wc	57ac0f1b87b2f13dbc4080df00d93d6b4dcf87701cdcbbda8e3c6dc51e13f8a0	DD74302B-14D7-32E7-905B-6DF8C66B1EC6	64bc0aec45dc518712b782f81781b5e63a06957b	ADHOC_SIGNED	YES	appletvos_bootstrap
/var/jb/usr/bin/what	usr/bin/what	390395b2fa671be1c74bd535fb645da4ce8c2113ff6aa5b2a98b113cd3bba025	8095F7CE-C37B-39BC-8F1E-71BB65EAFC83	8a84676579f9c9d6c800471904eb5cfc115db5d0	ADHOC_SIGNED	YES	appletvos_bootstrap
/var/jb/usr/bin/whereis	usr/bin/whereis	b37d7ca5a8cfc53c51c42521eac842288ee5fc980510da68f696615810338477	B64FA984-DCF2-343D-8634-D0F0D98AF6D7	60d3b0625dc0f38c5adb4e9fe418e5a106bc670b	ADHOC_SIGNED	YES	appletvos_bootstrap
/var/jb/usr/bin/which	usr/bin/which	b12521f0146040c28814875ed34c97446e4ca4ea129804e1096db0931272df2f	42CCF6C3-A98C-3B25-B3E9-17ACB16A3DD9	4baf9e718c3c5a81e7c07528c779a3402c0c3229	ADHOC_SIGNED	YES	appletvos_bootstrap
/var/jb/usr/bin/who	usr/bin/who	ff9dd763b249f1ea437b557eecdd587ea3562fa55299e7df4b8724cf75602a49	455F3F5D-CB7B-3776-8493-A3EEFF773FC0	47891b2025135a5800de91657e4849cedcef031f	ADHOC_SIGNED	YES	appletvos_bootstrap
/var/jb/usr/bin/whoami	usr/bin/whoami	fb77045d6c4c52ea184c5aa9d309eb1d2bfd3f852caf2c67b8eb45e9d4b8983e	8C0D5EFF-3201-3B2D-A8E2-4254C83090A1	455c1c6b638839cce96e168afca5c5a33c9023cd	ADHOC_SIGNED	YES	appletvos_bootstrap
/var/jb/usr/bin/xargs	usr/bin/xargs	383c0e2e1ef9e23b3f509edb180f7dc05f05bf2b3ecb62c0eded1d0ca7693741	D93F8F3B-B75C-3EB1-B1C4-9E6AE012365E	49ca784d81829482637a4a5c53a585d538ea9bc0	ADHOC_SIGNED	YES	appletvos_bootstrap
/var/jb/usr/bin/xattr	usr/bin/xattr	cf98cf76909bd04860c4cfed85a22497fbfb3cb21b024d3a620a6458a59ad54b	700FC76E-F671-3F36-B9ED-3C1B40D11C21	21fe6431ce3aea5e3e10112196d84b9bdf77aeab	ADHOC_SIGNED	YES	appletvos_bootstrap
/var/jb/usr/bin/yes	usr/bin/yes	3cc39153b6c4df7aac5c17c9add03514dfe9e7243fbdc61ea76945f0b7a300ff	316F6435-42C0-39F7-A8ED-F438B4BEA7AE	48404c76f5d4aad56bf217e098ec628d38428ddf	ADHOC_SIGNED	YES	appletvos_bootstrap
/var/jb/usr/bin/zsh	usr/bin/zsh	d6d24a10771692639f4d5f50bf3bf8fc18c3f29f3501c620b09650af06c6f928	69ABAA39-A7EA-3577-84FA-73A38F73FA9F	101848c62e462710e810ec76ccc519cb443031e0	ADHOC_SIGNED	YES	appletvos_bootstrap
/var/jb/usr/lib/bash/accept	usr/lib/bash/accept	11255a15460e85c3c85cc6619a47ebff398e7d2d2e4e87eca6b154782dbd5663	17FE8941-2775-3882-8A1E-4EA3DF3E263F	c838091b2562512d6f25eb57478170b6d3e0d271	ADHOC_SIGNED	YES	appletvos_bootstrap
/var/jb/usr/lib/bash/basename	usr/lib/bash/basename	5c77bf141ba871f6efc38b357e17494bdc14a5c76172f84d365f570a244869fb	3951EC38-1B72-3E40-AB1C-08917A771DD3	5b6b4db327ffad69fef96654e6492d22415bd1fb	ADHOC_SIGNED	YES	appletvos_bootstrap
/var/jb/usr/lib/bash/csv	usr/lib/bash/csv	fd6657300de86cd9360b85222ec008216a0d14a220cb251017be6ef92c87c011	E5894C98-1BAB-3231-A298-94C673CB88D7	1d7b4b4d631fc20faf99e97c3a010c206b72a2e9	ADHOC_SIGNED	YES	appletvos_bootstrap
/var/jb/usr/lib/bash/cut	usr/lib/bash/cut	55b588e84e85e4647e2fe330726f003e11f0d62ce14b4bcb22b52f8e05ea6a0a	D7EE6F07-6FF3-3B4E-AA7F-6CD25D7831CE	f974cd0025cc541af5e3aad9065ff826e5cc3815	ADHOC_SIGNED	YES	appletvos_bootstrap
/var/jb/usr/lib/bash/dirname	usr/lib/bash/dirname	4e6de9025a2e378360409a7b255bfb868b4fc07c48d0a4c221c7a902ce580f37	8D3B6AD6-E260-3743-ACDB-B854D3003AAE	5cb691700ec19c15d35df6c908adcf03e6d2bd7c	ADHOC_SIGNED	YES	appletvos_bootstrap
/var/jb/usr/lib/bash/dsv	usr/lib/bash/dsv	97616502bbc67a72c9d32140a09e486da5706e562f892e9b21cef6b14e9748eb	61D4D370-9F6D-34B8-A288-7D95D08F750B	250b67169030a947589d302e3d71a8c53e4441f0	ADHOC_SIGNED	YES	appletvos_bootstrap
/var/jb/usr/lib/bash/fdflags	usr/lib/bash/fdflags	4cc136c2a06afc2dcb56208676d7dbfa8e33af20b3530f4790a7dc8941b06770	78781EF7-AAF3-3ED1-BA89-7F02B28EE514	f7cb3f617b63baf9e2060c59392584dffd79c95a	ADHOC_SIGNED	YES	appletvos_bootstrap
/var/jb/usr/lib/bash/finfo	usr/lib/bash/finfo	72bffccc3cebfdbc9f105f51da1100b0284542ff79c91921761763fbb3b83bd0	5E17DFD6-0564-3DC6-A5D9-95C689403861	6150c37f165b2e0791806040e522bbc780b76c3b	ADHOC_SIGNED	YES	appletvos_bootstrap
/var/jb/usr/lib/bash/getconf	usr/lib/bash/getconf	d8b0e057866db81b2650ebc2fc2b465c60fc0047b37567cd92c753fcf8252b68	D2A2D766-A310-30D5-8D8C-352CD6FA6590	5bd15dc08fedbac99368672ebaec05c65b6b7688	ADHOC_SIGNED	YES	appletvos_bootstrap
/var/jb/usr/lib/bash/head	usr/lib/bash/head	0943dc18a253db3e76efa44627095fce78137bae3ee4d7cc6574358aa1be5e2c	ACDCDD26-ED03-367C-BA0A-39E3705835D0	03c421e24c5508815d07229e2cf369e2a66edf59	ADHOC_SIGNED	YES	appletvos_bootstrap
/var/jb/usr/lib/bash/id	usr/lib/bash/id	7d44deeb41063e07dc9798f724ce919ae54e953097fd907ef15ba3d266087c63	C465251A-7BD8-38D0-B5FB-2100C57EE38B	4118b13da8642e7e48e07e6baf5abc98bee55c1d	ADHOC_SIGNED	YES	appletvos_bootstrap
/var/jb/usr/lib/bash/ln	usr/lib/bash/ln	910dcf1ce69223faa80f9e81386fb77024ef5208cb0f89d85c1a01d1ab3338a8	D21D5618-AB4C-34BE-8DD5-74456766C15D	06f59998a316028fb3f95fa5630486fdaf6bdd96	ADHOC_SIGNED	YES	appletvos_bootstrap
/var/jb/usr/lib/bash/logname	usr/lib/bash/logname	87a5e3b7ac241ab184db18ca6ec4c6fbd725bfa86d85e6fbba3f9a2c741a00a1	153ECB37-B3F7-3EA1-AB30-2845135AA5D5	23c1b41cab937dff1b2bd6b5ed870188e1aa46bf	ADHOC_SIGNED	YES	appletvos_bootstrap
/var/jb/usr/lib/bash/mkdir	usr/lib/bash/mkdir	abfa4a305146d20929ab18f0f286f2605b1dd7e35a24744db9479e025dc61d5f	A5B30567-E328-3514-919B-205F6959CFCD	8139dadd9e06641e8fa9a855e601266ee66789cc	ADHOC_SIGNED	YES	appletvos_bootstrap
/var/jb/usr/lib/bash/mkfifo	usr/lib/bash/mkfifo	dfe28822c95a07cccb9df50d06125ad05a2d695d9f981bb82318e196e5ef026f	051B13A3-7185-3734-A7D4-ADB02D4D8AAA	d0bd5840084f2e50d1f0a0d6ee552a04380a9cce	ADHOC_SIGNED	YES	appletvos_bootstrap
/var/jb/usr/lib/bash/mktemp	usr/lib/bash/mktemp	068fab821f24043c7f211cc1bda49e916b3f11b76dcfa90aed58eec0ff765809	04429F55-6E13-36D8-B481-B8DC3E98412B	a08d8bf504ef36d9be632a9043d4596208cbbc44	ADHOC_SIGNED	YES	appletvos_bootstrap
/var/jb/usr/lib/bash/mypid	usr/lib/bash/mypid	84e8ad7cf11760698a3c102c81c15864d15e77c2ce4abb6147f9ad0223f0a5d0	32120741-4F2B-332D-A43E-4F76EC319155	2fb442a21008caf888306930e770c9311aa95b50	ADHOC_SIGNED	YES	appletvos_bootstrap
/var/jb/usr/lib/bash/pathchk	usr/lib/bash/pathchk	fb84d1d0eea233bf2523cbeadc0f3ede6349c976e9238c10334e60e8c41c5372	52D5AF43-1B79-3B5A-A2E8-4EB307077FDC	279d900f7f2a90ab813afe79eaf078f583927593	ADHOC_SIGNED	YES	appletvos_bootstrap
/var/jb/usr/lib/bash/print	usr/lib/bash/print	829d32e1f4cb9d2ac750369a1f6967c18c5ef605892b5d106ebb1392d9f7dafa	8F32F715-9F4D-3ED3-8917-DAB8FD5E88CD	7a18c451e233c8f18dab74abfc1c20d8f0f24025	ADHOC_SIGNED	YES	appletvos_bootstrap
/var/jb/usr/lib/bash/printenv	usr/lib/bash/printenv	eb4c89abe866a170d719355cceafe8614563ee8aea704071c2b53f65d179140e	443E1C31-EB6D-39F0-85D0-CC3478438196	d769944f80886d0a3d814827af96b9180b9962e2	ADHOC_SIGNED	YES	appletvos_bootstrap
/var/jb/usr/lib/bash/push	usr/lib/bash/push	a6e3b37d58df2d9263b81407f5de5c801288a9ee8b8386782e9cb120cee0fac6	6FA0496E-6C3D-3FCA-AE15-5F41C71D2187	2d19d74f8416b20185c764c33e85506143cde7fd	ADHOC_SIGNED	YES	appletvos_bootstrap
/var/jb/usr/lib/bash/realpath	usr/lib/bash/realpath	8802911c7c58e439386757c0aa0930277b03467949b5fe8ab74e12fef9b1550f	5701DA4A-1E63-3BFF-A853-4C5AF8F80249	0a92e785d4f8d043920301d256b66bcbdaad628b	ADHOC_SIGNED	YES	appletvos_bootstrap
/var/jb/usr/lib/bash/rm	usr/lib/bash/rm	f8d8dc292a9df3274c0753f853df7362c6d5e5c3f0684a83006aff65524d5b60	0BC64E4D-7A84-378E-89BA-0863D6A75E02	7742c3260656d8ebd38f2300fd5bdca64321b8db	ADHOC_SIGNED	YES	appletvos_bootstrap
/var/jb/usr/lib/bash/rmdir	usr/lib/bash/rmdir	81b645b852497937f96191627ba0e14ade283843c41bfeacbf6e0c4cb0a41f05	D37561C9-04EE-3ABD-93F0-C9E1DCF949DE	491315ccfd66f2078f7ba8aea74dc9e846f00c4c	ADHOC_SIGNED	YES	appletvos_bootstrap
/var/jb/usr/lib/bash/seq	usr/lib/bash/seq	91561abed0d488def0fd0442e9aba33e1193a4736eee6642e27c94d2b7b94a2a	DA82F8D2-0C42-3456-BB1D-D70BA13BF34E	0282dae0cb1c8c44aa8c9e9317a5653c40f3fb80	ADHOC_SIGNED	YES	appletvos_bootstrap
/var/jb/usr/lib/bash/setpgid	usr/lib/bash/setpgid	9fbcc75e470ff035b69869687ef166f5295a336ced5edaa14edc141283a74f8a	4443A2F6-505F-309B-9D58-333DD3665599	4ef7c9cf4ad25cc8e94808bfdeabfee1f7510279	ADHOC_SIGNED	YES	appletvos_bootstrap
/var/jb/usr/lib/bash/sleep	usr/lib/bash/sleep	d67b239252af1bddbb7b48e15e177da7e8a9ad8cc315be03701288a256a8306f	20E12D05-C3A2-3ADC-9484-B571BF4CBC5C	ab9c9fce99c20e4e7871a7fff3938d76ae454695	ADHOC_SIGNED	YES	appletvos_bootstrap
/var/jb/usr/lib/bash/stat	usr/lib/bash/stat	a8f3c1829394e3da9a2a5ddd757db5fdec2b840371fd726b699b5ca12a3519b3	CB2C0D4D-F43A-3659-BCC8-69E61A216CFE	cf76e5606c46200db85a5fa65dabccb57f653968	ADHOC_SIGNED	YES	appletvos_bootstrap
/var/jb/usr/lib/bash/strftime	usr/lib/bash/strftime	f409c3868aa60a35e1f534a7d051158d82c2801417877aed55a5d59083b7ca43	1FC3F11F-E525-312B-9007-971EECEB97B2	ae6a98b6aafdd32afebbf89e6b6506485b17ef5a	ADHOC_SIGNED	YES	appletvos_bootstrap
/var/jb/usr/lib/bash/sync	usr/lib/bash/sync	84166eba8e6d2e46e49512e4c01e75337c06178d260bc282bae5185774315329	0465929C-87B5-3F99-AF36-0F5CB9D17412	a44615ca1e5dc9cca9a1dc5f977cf06ecf96e5a8	ADHOC_SIGNED	YES	appletvos_bootstrap
/var/jb/usr/lib/bash/tee	usr/lib/bash/tee	5e7a877be458a93df8ec5d98aef57b738218ace585494b575181839f064be2ec	0BB83F2A-92EF-3E86-A05D-0B3AD6751F7A	b56bdd72ae02493927b2bf1f27629c8c060b326c	ADHOC_SIGNED	YES	appletvos_bootstrap
/var/jb/usr/lib/bash/truefalse	usr/lib/bash/truefalse	4755fe579e6a1ecfc54cb67d2c76ab8661519c0541b002ecbece9c5002ab625f	C3FDAEF1-0CFD-3F81-8802-ECD42F23894B	629d552898cb661474b539b8e5419c4c0a193be7	ADHOC_SIGNED	YES	appletvos_bootstrap
/var/jb/usr/lib/bash/tty	usr/lib/bash/tty	0d02ef99bfdf82dabcc06b632f62e31a0c056fec36d674e59d92b6b8f263d210	F28B937A-F056-386C-BCD8-30B14429E9E5	69577da659d3254f320e82d09aa84cc8d73cce97	ADHOC_SIGNED	YES	appletvos_bootstrap
/var/jb/usr/lib/bash/uname	usr/lib/bash/uname	94ba670cc03e552e4b80be4316a2a3b4866fe7a06aa185f404692fcd1f15511b	727301A4-01BD-3C6F-8DD7-DD0ACB296C54	b4c7a0e34910ec279169573f386c81edf62b3219	ADHOC_SIGNED	YES	appletvos_bootstrap
/var/jb/usr/lib/bash/unlink	usr/lib/bash/unlink	58fd8410e2117c19490616380ed2efb08eb32b5d1a1838efaebe08f3f22a9a18	D651305D-A8B2-3DCF-964C-C1F1F44DBA75	89f49f6432863728220da67312196e6a86717f09	ADHOC_SIGNED	YES	appletvos_bootstrap
/var/jb/usr/lib/bash/whoami	usr/lib/bash/whoami	98d68c9c1fe196dc7c6694aa3b26980d37692eb2da479433e4470d14f1cba2b8	7C550FA5-CB16-3902-ABF6-82A8F06C0E6E	a3c351635d353d2341a448becac0b909c2e2176d	ADHOC_SIGNED	YES	appletvos_bootstrap
/var/jb/usr/lib/engines-3/capi.dylib	usr/lib/engines-3/capi.dylib	bb8dc7468d91e54c0e11e5c649f8241bed72a7c1a2488559a0a04cd15271bd81	F67ED3C6-75C7-3CDD-8448-F3E65EED1BA7	38b92568eb427ff461ceeb2f4641b556da0949bb	ADHOC_SIGNED	YES	appletvos_bootstrap
/var/jb/usr/lib/engines-3/loader_attic.dylib	usr/lib/engines-3/loader_attic.dylib	b2725ca0ee87f52ae94505884f706b5bf557be7331f64422acbfc1cdef69d846	53211866-D48F-3516-BA11-6881390645B1	53ebea817a15fbabfa2cb26cb468dd27c3b5fc88	ADHOC_SIGNED	YES	appletvos_bootstrap
/var/jb/usr/lib/engines-3/padlock.dylib	usr/lib/engines-3/padlock.dylib	a3ad709bf62c2e04a0f6bb149840578d99c329c9d2668869faf743b5d5f65205	1E9D7FB1-E748-3158-9F2B-C07AE8339DA6	3c87e5a9667016ddb5c4c732d942b1bd2eda738f	ADHOC_SIGNED	YES	appletvos_bootstrap
/var/jb/usr/lib/ex/expreserve	usr/lib/ex/expreserve	1d95b98713bc7f66ad39ef9d9d986e9d28b596d158e544a5d7ecf19f769292b4	D122E889-B100-3034-A403-B09E80993219	5b02b4e3744dbdef1bd3f6e91b9b6d048d5aa351	ADHOC_SIGNED	YES	appletvos_bootstrap
/var/jb/usr/lib/ex/exrecover	usr/lib/ex/exrecover	4c605d5ac32f4df0846007ea34c3b1f9d62ddeafeffcb5058af6ee137171908c	EBCCFBDD-245A-319B-889E-F59197044DD7	0ef2346e1a0ba3009bbb0925f29f9a61d4a2ae9e	ADHOC_SIGNED	YES	appletvos_bootstrap
/var/jb/usr/lib/libapt-pkg.6.0.0.dylib	usr/lib/libapt-pkg.6.0.0.dylib	c630f5608f413154e9ac53e243a6532591a820156734bd208549fa1a73d98e40	AF2C017B-AE49-4931-AC8E-996FD4AEA0A8	e004d2907fd38573b6551d3b64d2ffe25e94508d	ADHOC_SIGNED	YES	appletvos_bootstrap
/var/jb/usr/lib/libapt-private.0.0.0.dylib	usr/lib/libapt-private.0.0.0.dylib	df6aaaccae656d7ac38570f634c4133ad3b0e71a43f1c3fdc7e996af17daede8	1EFB6ED0-C0C4-43B6-B341-17AC8D043E95	5ab50ad84bf50be9f19fa1c520b21dca134b148b	ADHOC_SIGNED	YES	appletvos_bootstrap
/var/jb/usr/lib/libassuan.0.dylib	usr/lib/libassuan.0.dylib	76f271d52ab494e4819b285951845e8eda249451e68a95b40fe39562f746f72f	840B3A7E-E746-3557-AD08-B3B9DDE44D97	e8d3b0b5d1da3f1b1dc23b29e28c303ab68e9bc8	ADHOC_SIGNED	YES	appletvos_bootstrap
/var/jb/usr/lib/libbrotlicommon.1.1.0.dylib	usr/lib/libbrotlicommon.1.1.0.dylib	9af12d3f4fb9d4b5458f66b2a0a096d396d4a74e15ad2f49f93d067d705a9c8c	5EAE1069-831F-3A00-91FC-74562F37619D	914039872cc0bdb67cc9b14aac5eb8f87a05489f	ADHOC_SIGNED	YES	appletvos_bootstrap
/var/jb/usr/lib/libbrotlidec.1.1.0.dylib	usr/lib/libbrotlidec.1.1.0.dylib	ab286a4b2a03138e6a6f13d37986d353374d79067be2703e82c447542e36087e	F5745CE1-C654-3DF8-B382-F182225E0984	6bcc138fc6fc04fa72b633aff07788559e6a8d58	ADHOC_SIGNED	YES	appletvos_bootstrap
/var/jb/usr/lib/libbrotlienc.1.1.0.dylib	usr/lib/libbrotlienc.1.1.0.dylib	70747f3ffb2f0415a9a62a4f19f772908b366120bb49c9bf246e61267cf72646	85FC7A90-B5A6-31FC-B22F-E04E5F565C98	222fbe4e93e477994c7e006d4c5e5c420c055fa6	ADHOC_SIGNED	YES	appletvos_bootstrap
/var/jb/usr/lib/libcrypt.2.dylib	usr/lib/libcrypt.2.dylib	093edd76331274be7a4ce117be6f093720c3e42bca43d8865ddebfb71b9e8723	93336346-2026-3F02-9494-2ED0C6FAC309	6c0ebd9637bbfc0eb55fa6ec860f8f2e70f4597d	ADHOC_SIGNED	YES	appletvos_bootstrap
/var/jb/usr/lib/libcrypto.3.dylib	usr/lib/libcrypto.3.dylib	7e21685cf689719a49e341a3a44d9086eec28d98d060f83274d47ceaf449562f	9ED79EA8-D80A-33E0-9403-48B933B3EC9D	4b70031264c64ba381be50be09059e6cc9f2e978	ADHOC_SIGNED	YES	appletvos_bootstrap
/var/jb/usr/lib/libdimentio.0.dylib	usr/lib/libdimentio.0.dylib	66f2f230de78d39fadf53d9257ac3c143fa1b355ee4cf79ec45f55781b90693c	073E9EF2-70A5-3F1A-A8F7-3A71F5621B09	e0cd3d3e319f5ed9d1739f84ce463c77873fdcfd	ADHOC_SIGNED	YES	appletvos_bootstrap
/var/jb/usr/lib/libedit.0.dylib	usr/lib/libedit.0.dylib	07c50a06bab6337ea5df70c5a2a2ae40c48928c32a4cdeef9eee148ba5f6173a	A1531FBC-62CB-3601-A175-5E4E8EDAA5D4	e47c8a7403708e73a678aad09258f4573495089e	ADHOC_SIGNED	YES	appletvos_bootstrap
/var/jb/usr/lib/libffi.8.dylib	usr/lib/libffi.8.dylib	9d4fb79139adc76901f6b732cda5070b73e1e01f9650da4c82cdc30767ea4020	6CEF39C5-A05C-3F4B-A9A6-3AB000654BA1	671f12ab998f2172c39bbfc6c968853e3dcd09f4	ADHOC_SIGNED	YES	appletvos_bootstrap
/var/jb/usr/lib/libformw.6.dylib	usr/lib/libformw.6.dylib	cca6d1e0e7c2db704b09d29994ed0688c4914c35f70d0f46bac00d138e818a6f	92F17238-F70A-398D-B46D-1F90AA015C5A	c3cb4adbe8f5c560e31a09ff154416824ca08a90	ADHOC_SIGNED	YES	appletvos_bootstrap
/var/jb/usr/lib/libgcrypt.20.dylib	usr/lib/libgcrypt.20.dylib	f0250ec5eaf6fe795568d8c10a92e2e3a4222ced5efe04dfc73f1cd6e6773eda	DD4DF721-710A-3C7A-BB6C-6D88AABF95C0	195ea71c5b25ca15f2d415e89667420c25e313af	ADHOC_SIGNED	YES	appletvos_bootstrap
/var/jb/usr/lib/libgmp.10.dylib	usr/lib/libgmp.10.dylib	5fd56c109e905575748617ef5676c74a37bf73935af7c9ffd74ebe7906771fbf	1FD407DD-39F1-3FA2-9EAB-0C3C813106D4	6b836a16759ab04435a060bf49f8780325618373	ADHOC_SIGNED	YES	appletvos_bootstrap
/var/jb/usr/lib/libgnutls.30.dylib	usr/lib/libgnutls.30.dylib	1f05d682ec2de5e26b738f2a10a28e0029f74972e1b372f28ddbf6ac98845da7	822D90C0-A06A-32A8-9814-39ACE2EC8A06	09518d98234abac195917ae1f763ddc88477d573	ADHOC_SIGNED	YES	appletvos_bootstrap
/var/jb/usr/lib/libgpg-error.0.dylib	usr/lib/libgpg-error.0.dylib	67b049985a3d795b90aca762392c39c70b7efbd615fb4abd494a55e1f62e13b1	A10FF2B8-1C63-3D40-8414-A85BD8CBB5B0	245c3f34ab0c24262b6c5a9716cea5db7e33ccb9	ADHOC_SIGNED	YES	appletvos_bootstrap
/var/jb/usr/lib/libhistory.8.2.dylib	usr/lib/libhistory.8.2.dylib	4ed69a8e0e54e57da42aa7275bb8bf6aa948bb568f76ca4138361996bfe0bc3b	17345578-CF2F-371D-85EA-745C3F61E982	f090fad4465dff96566b7e98b6c89e4254a29790	ADHOC_SIGNED	YES	appletvos_bootstrap
/var/jb/usr/lib/libhogweed.6.8.dylib	usr/lib/libhogweed.6.8.dylib	5a85b83306fe892dbf0fb14e316d152c4605b0faa3b9bba181a8b88f07d0b4fe	AE799987-C7D8-3219-8759-5CF0D2E62F6B	d5b959849d2d67dd6e2e6f4557c5652c246a118d	ADHOC_SIGNED	YES	appletvos_bootstrap
/var/jb/usr/lib/libidn2.0.dylib	usr/lib/libidn2.0.dylib	50b2c040322139dd62701f54b7907fc3205c32f02f4aa76fa6685ee8cf7e87d9	1B9F50B7-DFFF-3C44-BA02-0065CB69A7DD	70d77e03adc20baa27d40e07a446757b1c632d6e	ADHOC_SIGNED	YES	appletvos_bootstrap
/var/jb/usr/lib/libintl.8.dylib	usr/lib/libintl.8.dylib	acb057810330f9e44f6e61bd27f94f7041ac1776a190e67b147d6e81d4e16d41	CE0C8F02-364E-36F5-8632-09C4A377248D	d37d714199d8bb785408c0932c69a10b34fe7690	ADHOC_SIGNED	YES	appletvos_bootstrap
/var/jb/usr/lib/libiosexec.1.dylib	usr/lib/libiosexec.1.dylib	f00e86181c580ebc94bb892f84fc5d66548f5dee1942f47c338c93e25217f2dc	75D9D537-8589-392E-A2CE-9619D67F6AA8	b9472bd4424d9f0f2184dc1cd77b7c66c5a416a4	ADHOC_SIGNED	YES	appletvos_bootstrap
/var/jb/usr/lib/libkrw.0.dylib	usr/lib/libkrw.0.dylib	600f8620d6180ef2b7c2beecf3c64a15243b4c7370f7f0772b6d1cb59c42d4c8	5EBD7BF2-144B-3533-8300-B7DDFB90C13A	ab9d9744a9796b1596b5aa04c6f95ae9c386990f	ADHOC_SIGNED	YES	appletvos_bootstrap
/var/jb/usr/lib/liblz4.1.9.4.dylib	usr/lib/liblz4.1.9.4.dylib	59eb8c1360c0179212e8a0054181738115a056958e427ccdb95711e7bca9ee1a	0D0977BF-5443-38FA-AF56-264580BB93B5	4ede2ec67b068929501d9bf5447d242b2c127c0d	ADHOC_SIGNED	YES	appletvos_bootstrap
/var/jb/usr/lib/libmd.0.dylib	usr/lib/libmd.0.dylib	2c18f93d02b6fc6a15079db19246ff8a1a3c9d9c15613b1896365400470d80c2	6C67A138-C758-3F36-AD73-D49981E04D27	cc6b284bfc63c0e8bb9df66efb952d70b2713800	ADHOC_SIGNED	YES	appletvos_bootstrap
/var/jb/usr/lib/libmenuw.6.dylib	usr/lib/libmenuw.6.dylib	463543ce93dcb828e26c2c20557b3d39742370612e95038919bdadeb5318c971	D4607C7F-32E0-3E5F-92DA-82F6C7F8E1F0	3a234e84a2a5a63332dc2fede38c8a626d648a89	ADHOC_SIGNED	YES	appletvos_bootstrap
/var/jb/usr/lib/libncursesw.6.dylib	usr/lib/libncursesw.6.dylib	18c14542cfc7baca71d0c50520d4f234a9aa85ce85705fc36bb4b6cef5738a82	CCF4BE35-2B2E-3B10-B36D-F714E8272298	ca6d2ffe30abf26ef05b2f97cb6ba0eca24398b8	ADHOC_SIGNED	YES	appletvos_bootstrap
/var/jb/usr/lib/libnettle.8.8.dylib	usr/lib/libnettle.8.8.dylib	e33ef2d295aec81ca115754de4610e55b5e89422d1a214b46ae64a4041212ad5	8944E49F-CF11-35D0-9AD1-CE5654F7EAC0	7097f70bb6c9aeca281ac33ae7e9737429f68fd6	ADHOC_SIGNED	YES	appletvos_bootstrap
/var/jb/usr/lib/libnpth.0.dylib	usr/lib/libnpth.0.dylib	2c45fee43d8d9991f77af5bfe914dc4e131635480f43ac36ee0873d851b6d6b9	4AB1C32D-61F3-3B89-A7EC-574485168D3B	e87345bb0fca5761cd24e6da6db6e5e1469c5b14	ADHOC_SIGNED	YES	appletvos_bootstrap
/var/jb/usr/lib/libp11-kit.0.dylib	usr/lib/libp11-kit.0.dylib	7736b2e57114a4a5712a7ab32447b8ee1b5c7bc8ca6a833509632da5e5c48057	B1D4680A-5970-31DA-B5C9-3D9AF01E9380	5dfe9db07fa36b273d67c6fe505a8af70fdd19f4	ADHOC_SIGNED	YES	appletvos_bootstrap
/var/jb/usr/lib/libpam.2.dylib	usr/lib/libpam.2.dylib	2e87123b4f204c0fb1cf610c5dc7ae56b9fa29cdac68ba96e730dbccfc9dc926	5D761C4B-DDD1-35BB-9281-732409A1DAC5	1b340756482a404c0f1715c200e7ac83307cc9e9	ADHOC_SIGNED	YES	appletvos_bootstrap
/var/jb/usr/lib/libpanelw.6.dylib	usr/lib/libpanelw.6.dylib	296b0f3f0797aaa76a567358c0185f970106f352bc06a83ff4841bfa440e935a	9AF0CCE5-1269-3A8D-BBA3-44608529EDE1	c9ff6f4a6e7dd875ca3b496df04e6df8c0e530fd	ADHOC_SIGNED	YES	appletvos_bootstrap
/var/jb/usr/lib/libpcre.1.dylib	usr/lib/libpcre.1.dylib	ee1c24ab0d6986d01dbf6c43f9bfdf34493229e97b23a3cbfb4923fd94debf27	9408F9AA-06C6-3426-8963-88D19F731A4D	d622bf85eff3cee1e95594c487c92318fca33a02	ADHOC_SIGNED	YES	appletvos_bootstrap
/var/jb/usr/lib/libpcre2-8.0.dylib	usr/lib/libpcre2-8.0.dylib	132b8caf94494226f928c1a80021769b315cc913906c023e7526bcdaf166a219	D38D3615-32BA-39A9-81BB-AFB4DD51B79A	cbbf26bd4d9e94d072a674b06ab083b4209ed3de	ADHOC_SIGNED	YES	appletvos_bootstrap
/var/jb/usr/lib/libreadline.8.2.dylib	usr/lib/libreadline.8.2.dylib	17ce63d680f3411b55548217a8ca68c82a16ff6315d846bacfcad17002eb94b2	C3AC6969-38F6-35DD-B234-4A399CEDA78C	42c294bec700d8ede34d02fda2484cc18034381b	ADHOC_SIGNED	YES	appletvos_bootstrap
/var/jb/usr/lib/libssl.3.dylib	usr/lib/libssl.3.dylib	39c90dfa3052b1d39fcde33d9497c3c213f8507fd9c88e8fea58c6df8a530361	B5E707B3-DED1-3851-8BAC-D543A1E9CD94	8893d9c2d8aa37fe64813a944588fdf79df055aa	ADHOC_SIGNED	YES	appletvos_bootstrap
/var/jb/usr/lib/libtasn1.6.dylib	usr/lib/libtasn1.6.dylib	62af1bc990062dd9339fad609eb9d5e2264fe8edf4d384a44efb2d2b48f0e571	797A18E3-7482-3DBE-A78C-461EF7524662	762ee56023d39e5f62aa2792ba6d61f050f57872	ADHOC_SIGNED	YES	appletvos_bootstrap
/var/jb/usr/lib/libunistring.5.dylib	usr/lib/libunistring.5.dylib	1e247bacba21c5b2aedf902671bac6fb12c322d2c4bcaf8ab76c7915224b045b	69BE9255-D304-3EEE-A62D-2CF177A680A4	a2aef755b125153bce40a4a9463e880a8e2f3e2a	ADHOC_SIGNED	YES	appletvos_bootstrap
/var/jb/usr/lib/libxxhash.0.8.2.dylib	usr/lib/libxxhash.0.8.2.dylib	fcba39de7787b5452f250cd499a71fdb2ad3d344a1a62b405fae1c2557cc0e50	20720891-0DF3-392C-B266-6219C6D280B5	75976df7d9c3ae2512d7301ee08ed1c175f92564	ADHOC_SIGNED	YES	appletvos_bootstrap
/var/jb/usr/lib/libz-ng.2.1.6.dylib	usr/lib/libz-ng.2.1.6.dylib	0ec8cc8f2fa9ad9b5d2d9c091acee9cc7bb13c4852b18c51b89d8188d8247b09	512073F2-4108-3827-800A-C9EB809AD1BA	b8a7685601bb2f1b8529d613da2314409f7c5a46	ADHOC_SIGNED	YES	appletvos_bootstrap
/var/jb/usr/lib/libzstd.1.5.5.dylib	usr/lib/libzstd.1.5.5.dylib	14a9d6760db9342d0ceea4d4eda8936d43b4194dca53436d561e6c40f7a235fd	6C1E9A6E-4328-3B3D-8A75-EB2C3E92EF21	d8d6f9f759b65e35ae8205e9b94f99326db75ff7	ADHOC_SIGNED	YES	appletvos_bootstrap
/var/jb/usr/lib/ossl-modules/legacy.dylib	usr/lib/ossl-modules/legacy.dylib	41e59410cdf07931e6d12f30793d046deb589b0e8e2c63ea2883bc5de10032cf	95760332-3511-3A77-9535-33B8F1FA39DB	9ed131b573c1d63628a96ef0be4a147bd5925779	ADHOC_SIGNED	YES	appletvos_bootstrap
/var/jb/usr/lib/pam/pam_deny.so	usr/lib/pam/pam_deny.so	98ecee7686184d0fbe909cb8fb55c944dc987fa8febd74c41fc3cdcf54ee0f99	B3E82C29-46BB-380E-89DA-F18547020128	f7eae184703f339e38a379d84df6168f61ccdc67	ADHOC_SIGNED	YES	appletvos_bootstrap
/var/jb/usr/lib/pam/pam_group.so	usr/lib/pam/pam_group.so	c799916c944680991b7e83c637a4de6cce87b373c363c6419576824578318c5e	062D4781-0F07-3C1B-8B69-844DBD2DB451	d0dd3b4f2ad1d905b551b1ec682e6d7861aa5c7b	ADHOC_SIGNED	YES	appletvos_bootstrap
/var/jb/usr/lib/pam/pam_launchd.so	usr/lib/pam/pam_launchd.so	2ce417841d83afb9d008027e5c512cbb7952f46adf21a9ee3a68f3bc6c68b920	6E0BE676-AED0-30D7-B545-4C9F7FCDA1F0	aed85e707dbf2040b9fb9ff2586eef97c0bd13d5	ADHOC_SIGNED	YES	appletvos_bootstrap
/var/jb/usr/lib/pam/pam_nologin.so	usr/lib/pam/pam_nologin.so	93c426d348afdca865663365ceb71cdc5e4bc84fb0eb8a60c57c0447d0adb93b	F285FAAE-3F01-3D5E-B171-F7FF6CBE9702	f451edbd4906baa02ca8b1bc0fc066a2ab765d27	ADHOC_SIGNED	YES	appletvos_bootstrap
/var/jb/usr/lib/pam/pam_permit.so	usr/lib/pam/pam_permit.so	7457b24c9671f0f0dc16a051540ff79df6735de2600dc4019a4e0028921a535c	654670EF-F8CC-39DB-809A-2AC5CA49D404	16496cac2134f5b569fc2f3a235406e40015e34b	ADHOC_SIGNED	YES	appletvos_bootstrap
/var/jb/usr/lib/pam/pam_rootok.so	usr/lib/pam/pam_rootok.so	a6f63b34bfba2d2f6cbe6000d613b33034b83f147ed7b0c9b44de1a2877d3fd8	0CD39CA3-4654-3BFD-A0E1-C32E863DB465	d656b70470ecf58a2ffc1398c2a70f29c00765c8	ADHOC_SIGNED	YES	appletvos_bootstrap
/var/jb/usr/lib/pam/pam_sacl.so	usr/lib/pam/pam_sacl.so	e495c4be6cc359dc671300888aec3e36f1a63c042f0cf8f3f6c27f725b80274d	FE3ED3F9-F9DE-3431-8A6B-0BCFEAA50391	ff707bc5c72124944713bdf853fe7837d8de8203	ADHOC_SIGNED	YES	appletvos_bootstrap
/var/jb/usr/lib/pam/pam_self.so	usr/lib/pam/pam_self.so	2fa530c742728282128dd7835737a1a6f5b26749531c0f4fc7c6e3e3799b5964	BD02F355-7BEA-3910-B2F3-BB952F6A18F6	6b72a245b9157629db5ef3f24ee5c1972e48fc2e	ADHOC_SIGNED	YES	appletvos_bootstrap
/var/jb/usr/lib/pam/pam_unix.so	usr/lib/pam/pam_unix.so	64a586430863018fd0bc9f64c43c5427d5651caccff0de13e8a82827dfae8b85	85FAE5F5-970B-376B-B15B-45BC100EBFED	7926c6a3d38bf405c010f225529e4e387202a752	ADHOC_SIGNED	YES	appletvos_bootstrap
/var/jb/usr/lib/pam/pam_uwtmp.so	usr/lib/pam/pam_uwtmp.so	6b888fbe49ca38ed7b646456c74d9827ce37ee25225133906323fc947af6ccaf	18B02E52-52D6-3037-9C95-BC3506B4901C	0ba8f6a2a4061956a0de8a4ef5d54a637e16bc62	ADHOC_SIGNED	YES	appletvos_bootstrap
/var/jb/usr/lib/zsh/5.9/zsh/attr.so	usr/lib/zsh/5.9/zsh/attr.so	3e714f1fe4e5cc438dfaf4b4aa622a7283dff369206ea2d80c76630006aeaf7f	DA9D1DE8-7F04-30AC-8ECF-7DB82BA43EBC	1fb360a1a87c07ce69f0e70b70cb4cebdb109f39	ADHOC_SIGNED	YES	appletvos_bootstrap
/var/jb/usr/lib/zsh/5.9/zsh/cap.so	usr/lib/zsh/5.9/zsh/cap.so	4a38840089e061bd41a6a74da9373ee90f18d96135e269a2e9b9189ab9161475	55939C01-37E1-31AD-AD0C-DF75C1781C52	c259b565ef5f7824a7c9dce7fcc9afafc52f0e87	ADHOC_SIGNED	YES	appletvos_bootstrap
/var/jb/usr/lib/zsh/5.9/zsh/clone.so	usr/lib/zsh/5.9/zsh/clone.so	f80b8ea49c292fb9b6361443fa1be8b0a4394c7aec0ba6ec52b241e08a109d76	09BF6E8F-A8A6-33D6-A07F-45701DA89793	838267841de3d19dddd5197e504600ffd5d91959	ADHOC_SIGNED	YES	appletvos_bootstrap
/var/jb/usr/lib/zsh/5.9/zsh/compctl.so	usr/lib/zsh/5.9/zsh/compctl.so	4b9c3caa5e276541c3f9c792780dc61e21480f3d6e0ad3c804eb3a801a2c4240	5754C860-8763-332F-AF64-E8D75BCDEDE1	00f9f8abbb290e12f225c12afca1d2f2d4dcf1ef	ADHOC_SIGNED	YES	appletvos_bootstrap
/var/jb/usr/lib/zsh/5.9/zsh/complete.so	usr/lib/zsh/5.9/zsh/complete.so	8bc58143f71f1c9df5044991b1d31cc51863d836e73ab1fa97ee3d7f6b767e70	CB58C2E1-3397-3500-B2CC-9F8C4E357465	5bd052b16b055475aa84402ebe884bd1d0f86c88	ADHOC_SIGNED	YES	appletvos_bootstrap
/var/jb/usr/lib/zsh/5.9/zsh/complist.so	usr/lib/zsh/5.9/zsh/complist.so	ae868536f02ab2b00a01c3c09fb4c1d0135fc9bf4168d8dd89f6409c2d536b57	E3776284-9D02-3678-8D88-033D7FF87392	f636e674788623895bf44ae3a286c5783b9f9e54	ADHOC_SIGNED	YES	appletvos_bootstrap
/var/jb/usr/lib/zsh/5.9/zsh/computil.so	usr/lib/zsh/5.9/zsh/computil.so	4330bd7234dcbdd2eafed37077eabc95fdc4936e44b1619e033a57309dc129d5	0CCF5432-D2CF-3AE3-9D13-FE042AA529A8	5fcc0ba121eeb9960d2f7f789494de2550a77325	ADHOC_SIGNED	YES	appletvos_bootstrap
/var/jb/usr/lib/zsh/5.9/zsh/curses.so	usr/lib/zsh/5.9/zsh/curses.so	1189e6a5450f78c5266d00996d32ed2dfd2d3e88205da91d73e079296588a4de	494CF86A-B6F0-3F19-9774-4A2E94104EB7	8003c9c2a0cc1113a936aae0fa5f64c0b13684a6	ADHOC_SIGNED	YES	appletvos_bootstrap
/var/jb/usr/lib/zsh/5.9/zsh/datetime.so	usr/lib/zsh/5.9/zsh/datetime.so	354fa9ffc7cb61990d5e093baaa1fd525b25de3a71b62efd57b918d4602a9727	59B90487-3D4C-34DE-84C6-EC5E3EB7043F	bb57d830730cd47cd0908f58c0440c6a889b2919	ADHOC_SIGNED	YES	appletvos_bootstrap
/var/jb/usr/lib/zsh/5.9/zsh/deltochar.so	usr/lib/zsh/5.9/zsh/deltochar.so	b541ff0581f446fd904791429e236328dd4bc1a987738a94b752bac62b817d8f	2491003C-4D1C-3D13-A995-948DF64F349A	4aee3aca676994d69294c7a1d9fd2a2d489fa783	ADHOC_SIGNED	YES	appletvos_bootstrap
/var/jb/usr/lib/zsh/5.9/zsh/example.so	usr/lib/zsh/5.9/zsh/example.so	9d21d8cf5a0dfa5448eee74a2cfe8a93014cf966eb73f4bf9b984b6a80c8f560	BCE6EF62-6A92-3D05-B142-9BFC4EC5127D	7c827794650ae28aec0a9067959b4ff95ec6a424	ADHOC_SIGNED	YES	appletvos_bootstrap
/var/jb/usr/lib/zsh/5.9/zsh/files.so	usr/lib/zsh/5.9/zsh/files.so	c9dbdbfd8f16f4245d2cf5312f54e6344754406fc55935a106871fa1232ec4de	6BDCBAB7-A08B-3E5B-BB00-08D7AD3FFC06	78f99b3e207586a89c59faf98d279869ca674c68	ADHOC_SIGNED	YES	appletvos_bootstrap
/var/jb/usr/lib/zsh/5.9/zsh/langinfo.so	usr/lib/zsh/5.9/zsh/langinfo.so	e0c089606270313d814b4db9d9b71aadb1772c65ced88fb542162a7d0a53954a	03A6DA16-F4E6-3BBA-9F6C-9EE661519ABA	49484ea6bb17151cc18e292673a949e2eed59128	ADHOC_SIGNED	YES	appletvos_bootstrap
/var/jb/usr/lib/zsh/5.9/zsh/mapfile.so	usr/lib/zsh/5.9/zsh/mapfile.so	3a4104ccb84672c5acd123a83ef0aacd1cffe6d69d85bafe4a46399c9f699e8e	7A58363A-D77B-37B0-83BB-D7DB60160048	60a49bd44a9f54f0330f2cab199ff603d530fdc5	ADHOC_SIGNED	YES	appletvos_bootstrap
/var/jb/usr/lib/zsh/5.9/zsh/mathfunc.so	usr/lib/zsh/5.9/zsh/mathfunc.so	a96c07e5e9cf8399f4bdf627e576a91011989492c36f862aed03b1500452d559	C5976A65-62C9-399E-A2BC-C43818CCCC96	32a0e899ca252381099910882b7a6cf90851324f	ADHOC_SIGNED	YES	appletvos_bootstrap
/var/jb/usr/lib/zsh/5.9/zsh/nearcolor.so	usr/lib/zsh/5.9/zsh/nearcolor.so	71e922ea6d4d1b4e456eb166f870491a6e899814362a02152ff78d8cb878014c	A44BA098-6B62-31AC-AE6F-F99B71117F96	a72559f064948aa71bc0d964efeb0b7b48c8b173	ADHOC_SIGNED	YES	appletvos_bootstrap
/var/jb/usr/lib/zsh/5.9/zsh/net/socket.so	usr/lib/zsh/5.9/zsh/net/socket.so	c319a99bfc7fbd85fa3d9a038e0af746b0bdb25dd9907bc45a754be3f5cb3744	63BC6906-407F-3EE3-B02C-315932DEBB65	05b56fabed9489c94cae0bff162e40925d404e34	ADHOC_SIGNED	YES	appletvos_bootstrap
/var/jb/usr/lib/zsh/5.9/zsh/net/tcp.so	usr/lib/zsh/5.9/zsh/net/tcp.so	5a4380041749e4de80b20cf602f7daa88c8787e86c588f9df858613c908c1b07	1A5D6946-5941-3323-AF05-266AB6302B93	41183dfdaec9aaa5f1b07118b0263da4104e6a82	ADHOC_SIGNED	YES	appletvos_bootstrap
/var/jb/usr/lib/zsh/5.9/zsh/newuser.so	usr/lib/zsh/5.9/zsh/newuser.so	8c11c482390ce8fee724adb23ee88312df81748dcb9378c56d1d20c8d6d14f9f	A84F4FC9-93BE-382C-A79C-1AA0BD5C0D52	117615f743c6c31f787092adfffbc9796ff9afb5	ADHOC_SIGNED	YES	appletvos_bootstrap
/var/jb/usr/lib/zsh/5.9/zsh/param/private.so	usr/lib/zsh/5.9/zsh/param/private.so	c47335b6ff9d289ab796b0dfef78e0eab2556f5a9190d65a8cfc4374da51c1ac	FF1547F7-235D-3E49-BD9E-552442128D40	aeb25e93f38e7655c892e90fd36418910bff94f5	ADHOC_SIGNED	YES	appletvos_bootstrap
/var/jb/usr/lib/zsh/5.9/zsh/parameter.so	usr/lib/zsh/5.9/zsh/parameter.so	2383d6b05c46c1232935b02f4d37d10e9266ae34358ba2813177fc7c3c26b28c	2156EFD7-7296-372D-A45F-B4C610A96945	30f0b929d787425d7c1312354f4f391e93335ed5	ADHOC_SIGNED	YES	appletvos_bootstrap
/var/jb/usr/lib/zsh/5.9/zsh/regex.so	usr/lib/zsh/5.9/zsh/regex.so	26a6bd5561d7c440f0026657ee3484341d337370515236afcd5018727dc46f98	C0018C44-434C-3A9E-A988-48F88839D307	641df328331dc76077db9d41fbd811c8bfeda855	ADHOC_SIGNED	YES	appletvos_bootstrap
/var/jb/usr/lib/zsh/5.9/zsh/rlimits.so	usr/lib/zsh/5.9/zsh/rlimits.so	d610badf0c2b4292e9af62ae0eb8d66d12973282e6ad6386a95172e788c785b1	D6720865-79E0-3B01-8284-35F73433D3FD	418473f1d5bb213536c4a552f7ef8b4f51e3f5ef	ADHOC_SIGNED	YES	appletvos_bootstrap
/var/jb/usr/lib/zsh/5.9/zsh/sched.so	usr/lib/zsh/5.9/zsh/sched.so	7c3530a319db69a7d955ecba2e744adaa2422051fec08217b20a1403d8b1f4e7	BCC817A5-C383-3D16-BD29-8DAB61161F0A	1424770221b57a916a0aa24ddb7c306f5724f689	ADHOC_SIGNED	YES	appletvos_bootstrap
/var/jb/usr/lib/zsh/5.9/zsh/stat.so	usr/lib/zsh/5.9/zsh/stat.so	e1b6f35b3abe196dd51520037d262210610509a952c8356a0dbf60dc1f8b0a0b	B0B5A904-1253-325D-B04E-052C782597D4	d8ffb53e47d0b8de784200f814afa383e02a2d57	ADHOC_SIGNED	YES	appletvos_bootstrap
/var/jb/usr/lib/zsh/5.9/zsh/system.so	usr/lib/zsh/5.9/zsh/system.so	fb63c7cfd976c9cb0f0b7375bd00e3f3bef12ce9d73d600a57fdc63cd6c00b00	B10A6C81-1F92-3A1D-A8AC-73F26FFE0E69	077ffc94cbbb4f7da821566310b7d61181fe99d8	ADHOC_SIGNED	YES	appletvos_bootstrap
/var/jb/usr/lib/zsh/5.9/zsh/termcap.so	usr/lib/zsh/5.9/zsh/termcap.so	2cfb8eb81deaf957a27ce94cf4cb6275602b39e2c56cd645f75f24ae42aebf76	6FFE2049-9075-3113-8399-BFEC31EF8BA5	ff282936477de82538d775c06c023f0c966fd8d9	ADHOC_SIGNED	YES	appletvos_bootstrap
/var/jb/usr/lib/zsh/5.9/zsh/terminfo.so	usr/lib/zsh/5.9/zsh/terminfo.so	4c3eb4f657cab535573f19471061a65eabc2494f6e726ac41c29b6667b6ea44e	BEBB8559-9C7B-39AC-97DE-DBB8C832DE42	94d6583d605c3c09df6a54f8c90131348d126d86	ADHOC_SIGNED	YES	appletvos_bootstrap
/var/jb/usr/lib/zsh/5.9/zsh/watch.so	usr/lib/zsh/5.9/zsh/watch.so	0ebccdb2a6146ff44d6f774fd5a67d5532daf457ca3af18d890e181da8ee7186	BFFD8386-8629-3842-9B40-C090785E311E	642e518552a058f3cece7a2742967e87b32f6afb	ADHOC_SIGNED	YES	appletvos_bootstrap
/var/jb/usr/lib/zsh/5.9/zsh/zftp.so	usr/lib/zsh/5.9/zsh/zftp.so	d76c84aaa94bb16873d130aff1606231bd97c919c68b01b2ef344570d6a1bc57	8C9D7AF9-02CF-3F7E-AC64-EE39251E9F32	ee245b3e4869db0bd513576baa8a7e9aab1b30f0	ADHOC_SIGNED	YES	appletvos_bootstrap
/var/jb/usr/lib/zsh/5.9/zsh/zle.so	usr/lib/zsh/5.9/zsh/zle.so	c714e1dd38a6d1a473c3f22dfc1410da03a3462336aeb5f129b6dd693621877b	03A95E3F-25B6-3AAA-8EF0-68110BF31185	868141ff1bcd71b2c1a4cf5826d96832a0b2252c	ADHOC_SIGNED	YES	appletvos_bootstrap
/var/jb/usr/lib/zsh/5.9/zsh/zleparameter.so	usr/lib/zsh/5.9/zsh/zleparameter.so	d309ab4aff7e37ab18cb1a3bfd8d1879cb3034a0c264235bb50c2a8ff5563260	5035D853-021A-3165-AC67-7BA0A28DCDA9	e875ef0b93e19edfa261d15776b0427de4813a7a	ADHOC_SIGNED	YES	appletvos_bootstrap
/var/jb/usr/lib/zsh/5.9/zsh/zprof.so	usr/lib/zsh/5.9/zsh/zprof.so	c94867a13cbc8083791ee1d6abd9e37971d9bd219c8ade7bf0ffb651ae693e7d	439AE445-14F9-3E0F-93D5-E692665DC55B	903b938564f4a53133dd07d7aa69f781275b701a	ADHOC_SIGNED	YES	appletvos_bootstrap
/var/jb/usr/lib/zsh/5.9/zsh/zpty.so	usr/lib/zsh/5.9/zsh/zpty.so	4df3472dd3d49dc837bbe6cb0796bfe19b8c47f1a5b1dfdda5d5cbb9723f8828	58CF412B-D34E-3557-AE01-8C3812021A84	0098bc669da07bfb7af0251b83b60d4a3a857c0e	ADHOC_SIGNED	YES	appletvos_bootstrap
/var/jb/usr/lib/zsh/5.9/zsh/zselect.so	usr/lib/zsh/5.9/zsh/zselect.so	fac0dbe8be464fac2eb8fbdd30183320b28da8213e29e643b4163bd0f26ce340	D1C62ABE-DB22-3F6A-9302-83E975ED006D	4d3dad8a1fb0b16ad85f0dec4c2e70c691ef2ff4	ADHOC_SIGNED	YES	appletvos_bootstrap
/var/jb/usr/lib/zsh/5.9/zsh/zutil.so	usr/lib/zsh/5.9/zsh/zutil.so	cce86f054aef2b8122eb0db6238d7d3ad846bcab95d72c319e176390876eab2e	398F4DD8-93F6-396D-8F25-D3B7488C3CB0	3c662afe054020d18a09328988b3fab0717be129	ADHOC_SIGNED	YES	appletvos_bootstrap
/var/jb/usr/libexec/apt/apt-helper	usr/libexec/apt/apt-helper	f361bd96018f7b2d8542c4f07521d927aca792b80e867ad85d2df4473e9fb254	C5A28A2E-4F89-417A-8F80-7C6C7271F430	c57fb650d99feed0b25c127bb0bd724c7d300899	ADHOC_SIGNED	YES	appletvos_bootstrap
/var/jb/usr/libexec/apt/methods/cdrom	usr/libexec/apt/methods/cdrom	bcf17004d83eb69994526b5aaba5c565352dcb00d25b29a16fa585bdfdfe4ec4	24EE8D56-E184-4AA9-9999-54D0AAFE0150	46cde876076a5f0a9324c9f31d3632c1480f14a3	ADHOC_SIGNED	YES	appletvos_bootstrap
/var/jb/usr/libexec/apt/methods/copy	usr/libexec/apt/methods/copy	102cd72650082e54ddb268beb37d43efbe4fc76bc793415a78901eda863e952e	0F1A194F-506C-424C-9392-AE90D3B4F822	0a5f4493dcba983f35ef5ef1462062ccd32bc230	ADHOC_SIGNED	YES	appletvos_bootstrap
/var/jb/usr/libexec/apt/methods/file	usr/libexec/apt/methods/file	badccfbcdd632370afdc96e92dff19e28e22248a6da6a22ca0d628dbf9d057dc	F10A7A03-43D9-4CD4-870E-3BD911AFEA63	5c465f26e53aceb8e310c60bf114feb26ecd5d5a	ADHOC_SIGNED	YES	appletvos_bootstrap
/var/jb/usr/libexec/apt/methods/ftp	usr/libexec/apt/methods/ftp	16075097a21a029f97c7602e609f449ffc61b746664efb4f3786901c5d947292	9B1CE87B-72B0-4FBF-8FC0-B972B26D7044	a7ee22c63a994da67fabf8d042aef8ade6aaf644	ADHOC_SIGNED	YES	appletvos_bootstrap
/var/jb/usr/libexec/apt/methods/gpgv	usr/libexec/apt/methods/gpgv	ed4a247232e775fc9c1e655c721b8affdebdafe26d06309aa902fda8ab58ccc8	0A399EBE-AC1E-455C-A076-60A94DF04975	2468f2a529c60acbd43ade49d28dad60efd76088	ADHOC_SIGNED	YES	appletvos_bootstrap
/var/jb/usr/libexec/apt/methods/http	usr/libexec/apt/methods/http	13f1b8cc264ff76eb1dd9de0ab9e91333976c0da6d91286a0ce606378d0b1ac2	68A5CA7E-6417-4080-83C2-1E92C51D99FB	9e59986b26477dbe2be2dc9f1f7a87b3a4312c17	ADHOC_SIGNED	YES	appletvos_bootstrap
/var/jb/usr/libexec/apt/methods/mirror	usr/libexec/apt/methods/mirror	81c7b718f890b914cd5e85c587187d914316a1fed55536778aab5c68e115d707	99BFCD60-19F6-41FC-B3C5-18A1E9717BD5	915b695e8f3250aaa19fec307ea1c94c70d57328	ADHOC_SIGNED	YES	appletvos_bootstrap
/var/jb/usr/libexec/apt/methods/rred	usr/libexec/apt/methods/rred	9d6e219dc06f546754bf17fcacec54cb51d2f65ae90ee78734fde7621c8ef408	01275BFE-88FB-46BD-97C0-BAF979DCF330	8d539e572e9232ab133dc1dcd729cc7b7c2a0fd6	ADHOC_SIGNED	YES	appletvos_bootstrap
/var/jb/usr/libexec/apt/methods/rsh	usr/libexec/apt/methods/rsh	a658b6666d2d75fcfaf02587ec6cec27c100532759f5a7704ef49d268a0c44a5	9622E111-1B8B-4929-9CC6-CF34CE4D9D86	8783d9e6612817e5b8d03c1bfd458ff11c749e56	ADHOC_SIGNED	YES	appletvos_bootstrap
/var/jb/usr/libexec/apt/methods/store	usr/libexec/apt/methods/store	70101adb082de065875942d12aafd54bd851005d1247d666227a0ab84a27c39d	9A476932-238C-4383-A654-AA021083647E	bc305ba5b1513a72497cf01c532cc63e05e4f028	ADHOC_SIGNED	YES	appletvos_bootstrap
/var/jb/usr/libexec/apt/solvers/dump	usr/libexec/apt/solvers/dump	139ee65b57bd27aea76b28272280f6d0a08f88075ba1a97816a3d03fa1eff053	FBCF91B9-2023-4A48-87E9-781A91F8BA29	a341281753ca3332e549d9ef2c8f53eee57e671f	ADHOC_SIGNED	YES	appletvos_bootstrap
/var/jb/usr/libexec/atrun	usr/libexec/atrun	5c9f5ddeb38d90ab5e4236cb2987ddf2c664fd9ddf256e66ea7b0dd6867e7751	0CCBCE27-8822-3719-9F25-06415B114328	20c575cfd9f9e55525e497911c4208a6a7183c1c	ADHOC_SIGNED	YES	appletvos_bootstrap
/var/jb/usr/libexec/coreutils/libstdbuf.so	usr/libexec/coreutils/libstdbuf.so	6ca92c1152616065b4e92fa2397f3aba388fe1ce16b09f5a0d7adf73026f4bbe	D0A0F309-B34B-3FC8-8D81-BF073AB8E713	e68157e03a351dd4d77f06f2efedc5721ebee79d	ADHOC_SIGNED	YES	appletvos_bootstrap
/var/jb/usr/libexec/firmware	usr/libexec/firmware	0a44aa57db3ad11bfc30e2f10afc3fb709f3623dd7a8dc791f9dca014f5a516e	4CD158F1-4C2D-35FD-BC1A-12F6F8A9FC42	8baf9826a9fea339575ca8121f03fca393cc15f7	ADHOC_SIGNED	YES	appletvos_bootstrap
/var/jb/usr/libexec/frcode	usr/libexec/frcode	3a635b32b4d91f7097661ac4483f57c05d106f162b117b33d2524ccf7287ba04	835041A2-D5B0-3CDA-9DEF-A7BC0611ADDC	1d3c7154a9234077c9154057b631f2d1dbb77e2d	ADHOC_SIGNED	YES	appletvos_bootstrap
/var/jb/usr/libexec/getty	usr/libexec/getty	65a042ba6a10616722309528b5146d76807121b0abe5a966e3ea9e7add40dc0d	25998561-6699-33E4-84CE-427B5D2A36CA	4a9418e3d6b3754d732adb356c99aa16ee447af1	ADHOC_SIGNED	YES	appletvos_bootstrap
/var/jb/usr/libexec/path_helper	usr/libexec/path_helper	c2819ee349f68cf1f5e7eff3fae2d387c187b49be7c1f7d2bdc5a4f5d44ea646	2061A40A-875A-387F-84AA-31F2A031C09F	9d8fe5a76b0a7e4ce60c4f10e82b26b7e7571c06	ADHOC_SIGNED	YES	appletvos_bootstrap
/var/jb/usr/libexec/sudo/audit_json.so	usr/libexec/sudo/audit_json.so	6ac05fc1ff95f82e8d2d84cffbd053c5820a20b6dc5ae1f6632bafd794639b90	54F3CB95-701B-3CA3-8EBF-91D0D712A121	df342de9cf0e7c39d4e91b3cd442a2b403260972	ADHOC_SIGNED	YES	appletvos_bootstrap
/var/jb/usr/libexec/sudo/group_file.so	usr/libexec/sudo/group_file.so	2d71983f689769a53cb194f6fa796be4823b2d7d44b3198614cc3c09b0aa9217	AC523905-6961-3A81-95D9-FFD9EE04633E	29759dae40d331f3a54ae18aa259f99cedfc86b3	ADHOC_SIGNED	YES	appletvos_bootstrap
/var/jb/usr/libexec/sudo/libsudo_util.0.dylib	usr/libexec/sudo/libsudo_util.0.dylib	00dee8f6415f1d2c08fa7f4341738ce808a30231aa6469e0f8ba2ecacb94a0f1	C7A3BDAC-0551-3BBA-9FDF-6960BC25093D	d5a2111b98beeaa5226ee74d996fa66d68eae19c	ADHOC_SIGNED	YES	appletvos_bootstrap
/var/jb/usr/libexec/sudo/sudo_intercept.so	usr/libexec/sudo/sudo_intercept.so	275585a8ee184fb8b49526483f4c6b835b345c7562e9a3cdddd9852a0c160d63	8E52F16A-0341-3CCD-85B0-225995D53171	5c58abbb8fecab50c9d6abd1a58b509f025b9f38	ADHOC_SIGNED	YES	appletvos_bootstrap
/var/jb/usr/libexec/sudo/sudo_noexec.so	usr/libexec/sudo/sudo_noexec.so	26b326223506ec997a489b13b3a5c2f119f853db78f64d6844cf09707c25895b	D4C20590-74F0-3545-A547-B7C877CE1375	c29147bbb3be25084c17bc86a0bfa4766e0d96a7	ADHOC_SIGNED	YES	appletvos_bootstrap
/var/jb/usr/libexec/sudo/system_group.so	usr/libexec/sudo/system_group.so	02c45ecba0b2ed9cc61958ac07f79536a4ce261cf3292bfa9df4e01fa1389b05	8BA14B4C-0FD4-3AE8-9A44-F8AE25899AE9	4b10484e40d859e870d8fc0a1c09d3943ecded71	ADHOC_SIGNED	YES	appletvos_bootstrap
/var/jb/usr/local/lib/liblzma.5.dylib	usr/local/lib/liblzma.5.dylib	e4fcee894aee5d61589d6d893b957f234aa663a3cb0435879c65495fe68c1f8b	A7E2F66D-49F8-36E4-9589-221337DC77F5	2d8aa2a667117b0aa8bf11da3c72b9bee87e0e8b	ADHOC_SIGNED	YES	appletvos_bootstrap
/var/jb/usr/sbin/ac	usr/sbin/ac	45b14d40c25d9d5aec5b756099ae111b699867880dc366b4f8f1cf97297ee39b	B538838E-B642-39B4-B292-210F5E16DD99	c48090aea936cedf59c868936a75c776e71f7b5d	ADHOC_SIGNED	YES	appletvos_bootstrap
/var/jb/usr/sbin/accton	usr/sbin/accton	6490f9ac78e3775c902284794de3b95ee7881aeec61a70be89c2d4d01f988445	C9DD2134-D46C-3C9C-A4C8-98DADC767CFA	45cf90667e1119982a005a4b86afe026cd48b476	ADHOC_SIGNED	YES	appletvos_bootstrap
/var/jb/usr/sbin/dev_mkdb	usr/sbin/dev_mkdb	f774a11828cf83ff8fa88ca23f62fbb07a376dceae077be90d80964cadfe3cf7	D94D0CE0-0390-3F46-883D-F1323ACADC4E	5191eb40dc81aa0c3055b487cafb21344cada204	ADHOC_SIGNED	YES	appletvos_bootstrap
/var/jb/usr/sbin/edquota	usr/sbin/edquota	7334aa641ae9c7d8e904a5553be5c252a4c176deaae28eefee64e01c0c378a9a	3569C424-ADE6-387E-ADB7-07060CB1440F	a98f4c2e1f6673509f6381155c2f8d5f8b04c297	ADHOC_SIGNED	YES	appletvos_bootstrap
/var/jb/usr/sbin/fdisk	usr/sbin/fdisk	b501641445f155f75c029f059678c1225017661fea88a10355d0da947e0b755c	A96C84DB-3299-3979-9C7C-4AAA6A5D7659	4146100e2571705c1e2408ba048475a3177db150	ADHOC_SIGNED	YES	appletvos_bootstrap
/var/jb/usr/sbin/fstyp	usr/sbin/fstyp	d00c935f479761d0db8bc08f1ace55702c7f8c5e5c6be649123f9a6d416ee6e1	4DD1C8D1-7533-3BBD-84E2-99D0031E9751	3809606619abc4c3d8ea907db602b69376a7bad8	ADHOC_SIGNED	YES	appletvos_bootstrap
/var/jb/usr/sbin/fstyp_msdos	usr/sbin/fstyp_msdos	da9344357b0b86454275f80473cbb6579b5eee502582dcc617b301789f052a5c	4A976464-4409-30F8-BC50-A1A65BEDE53F	0cd13c5de4343e7e7156d3d21c99d413603eabe5	ADHOC_SIGNED	YES	appletvos_bootstrap
/var/jb/usr/sbin/fstyp_ntfs	usr/sbin/fstyp_ntfs	1de712c0d6cc74df4b12a89b9985ab6498f2cbc50300ef54b6c0b343a516b55d	E3154B45-F656-344D-9F8D-6647B6CB5194	dd66f365e62d30c1b339756a1d0425f916472838	ADHOC_SIGNED	YES	appletvos_bootstrap
/var/jb/usr/sbin/fstyp_udf	usr/sbin/fstyp_udf	b7064b0ab2c02b0b5141e230b2cfa359bbeffa4ff6c9b156c6aabf68af9a2c87	6E727072-E63F-3691-8335-060D1A7389AB	0eac50d61d01c0540e3bdac4a8cad734606de059	ADHOC_SIGNED	YES	appletvos_bootstrap
/var/jb/usr/sbin/iostat	usr/sbin/iostat	243de5a875dd18a90375ad40f271af4bd58bbd85a03c0b6fdb81e82e9e1099ec	D1011B19-992B-3D82-9025-750D60103034	68b51b9cdfe7b5de23a75b50acaf747e5cd4c46b	ADHOC_SIGNED	YES	appletvos_bootstrap
/var/jb/usr/sbin/mkfile	usr/sbin/mkfile	88dbde7ef70185f1fa3e172249758ac76f9fef655133b0a19147838a6e1ce23b	FF4CA07D-2438-3A97-9946-2B64D270F263	fc09f13d9dd4e86a6536424942dd67d81e6fbc80	ADHOC_SIGNED	YES	appletvos_bootstrap
/var/jb/usr/sbin/mount_devfs	usr/sbin/mount_devfs	83cd60176cb0fd6708d1575a7ac16152097235fc4e91acd4d0db99140d4d2618	7F468CB3-159F-32C2-AE13-8F60A8CF545C	58066b5d3129a78e4a2bfeb782a258e34e33646d	ADHOC_SIGNED	YES	appletvos_bootstrap
/var/jb/usr/sbin/mount_fdesc	usr/sbin/mount_fdesc	2e975b3c4e76a45e26db02ade1d68e69f8fbb7f7492403901454d2165d9e161b	E59D66F3-8525-368F-B982-2328B6E89914	e25d937dcbe3db7b1de626c05a897ce4861a0ff1	ADHOC_SIGNED	YES	appletvos_bootstrap
/var/jb/usr/sbin/pw	usr/sbin/pw	837cb53e560a8a4bc66b8ecd5fd51e47a077fe8fcd01b2baea2594d9162d99da	6D6ECA47-2ABA-3D9F-BC51-5A6AB82EE7DD	0d13250c2fe7915cb99a08a60f0f2cd630565683	ADHOC_SIGNED	YES	appletvos_bootstrap
/var/jb/usr/sbin/pwd_mkdb	usr/sbin/pwd_mkdb	5e94ed6951105806379c350baeb2cd40afb95640b1f2f4b3b4c1fbd203b80246	C2CB1DAD-05B2-3F8F-8EB1-DA1C8BF83A2D	c84c899eb81bfc0d49427a45af19131d536aa04b	ADHOC_SIGNED	YES	appletvos_bootstrap
/var/jb/usr/sbin/quotacheck	usr/sbin/quotacheck	bb4154e44decea3860f94582fc11c37d006b0eda9ff3331c2b46189249b061c7	CEDD2B94-79C4-312C-A6C2-BB974C7DAA40	15b591b462b229fffd5bfb0c43f6c75e97f53c38	ADHOC_SIGNED	YES	appletvos_bootstrap
/var/jb/usr/sbin/quotaon	usr/sbin/quotaon	5c87ed7acdc30cdec534f76de3761a0cb3a73c068bfb512ffb90ecd45d8f583e	18FD6542-E521-36A9-9F83-53BA38D27ECE	6ad2148da2e13d46bc4b04d46fc3cc2ed74e898b	ADHOC_SIGNED	YES	appletvos_bootstrap
/var/jb/usr/sbin/repquota	usr/sbin/repquota	b8f6b0809274e62d3c2c9afcd70687a59aeccd43f6d25a87de7fcfb59219ccea	DA241629-28F7-3321-9A1D-C68AEA154DBF	92a08a9e27069c98d577e666053f229abf2f8c6a	ADHOC_SIGNED	YES	appletvos_bootstrap
/var/jb/usr/sbin/shshd	usr/sbin/shshd	cd0e51d542523f4ffd4dd089f1a904e7233284fdb768729e9499be78388f1b07	91C389AD-4566-397F-AD8E-C529FC20762B	fa66ecbb2cbeccab6b621e672c43fc617339d9ee	ADHOC_SIGNED	YES	appletvos_bootstrap
/var/jb/usr/sbin/sudo_logsrvd	usr/sbin/sudo_logsrvd	f2eff9eff20f32f233754ee8ae50b93a30bab044be38fbfe4f82865141e6a85b	800B959E-AE55-31D5-9060-5A3D9C6DB153	b7e94169da56cdf5ff5c6b69153e58f6c927afe8	ADHOC_SIGNED	YES	appletvos_bootstrap
/var/jb/usr/sbin/sudo_sendlog	usr/sbin/sudo_sendlog	55faead47bb665974314701f5eb707fb5f6f7a0cce156eda7d7520142440f1b8	66938EBE-069E-3533-95EA-32E9129D2206	1531b8aacd1bf5038a36ada22d5640f1f89b2743	ADHOC_SIGNED	YES	appletvos_bootstrap
/var/jb/usr/sbin/sysctl	usr/sbin/sysctl	5a75cdee83f570119830bdc1b1eb0f7f2c56399450a1dc0d468b31b2ff4745b9	E5104AE5-5910-3449-B5AE-962F16C8CE10	922ffa05924d333e76b42b861fe078c153f01233	ADHOC_SIGNED	YES	appletvos_bootstrap
/var/jb/usr/sbin/taskpolicy	usr/sbin/taskpolicy	07c33c84968dc85f36cab0065b51d426a914f6fde6d82152a8914420b364ccf8	9BE283B6-8044-3984-A601-83E1D1126118	f292dc9c77686934ddefa5186a35f1e1c2e9f67c	ADHOC_SIGNED	YES	appletvos_bootstrap
/var/jb/usr/sbin/vifs	usr/sbin/vifs	a0c50ca0040255b26f943d2932c6087c3b2b51bc95e0143e79ce5540251416a4	51FC9CD0-B51E-387C-88CA-6D945E7A8743	409fde6d15ef61a519970b17356c6c614392315d	ADHOC_SIGNED	YES	appletvos_bootstrap
/var/jb/usr/sbin/vipw	usr/sbin/vipw	029ea0df0c25bec6c5f6170d92c682335e4bd45786c021ce834323edd81189ba	5C80FEE2-84A5-3B69-A962-11E7572311A5	7fcbdc0165af4e756b36071efab965a80c4d2b29	ADHOC_SIGNED	YES	appletvos_bootstrap
/var/jb/usr/sbin/visudo	usr/sbin/visudo	f7c97aaae717c13d9fc6322c2175610b5b6983bafa867575e400420b45527546	F5B8C58C-469E-338E-865A-B23EFFD66920	58c79c08ee6e9386d0bfc062ec517d6e28622e8d	ADHOC_SIGNED	YES	appletvos_bootstrap
/var/jb/usr/sbin/vsdbutil	usr/sbin/vsdbutil	025f73537c4a05c1884705e1b5f6101edccd34bc91a98b88cb0003734ff8e001	8ABF53F4-A25E-31E1-AFBA-969FB269DE76	a3d849a4a899e5534ad58bc51210a048c64463be	ADHOC_SIGNED	YES	appletvos_bootstrap
/var/jb/usr/sbin/zdump	usr/sbin/zdump	65142e9f88a486eb2e77d5d74b78625084e41f8c5dea0f663921038e95e21177	8DE6357C-B848-3539-BAA4-088BFC03CF56	d5a3e85f648ef467a28c01c0a43d99c662b72cd6	ADHOC_SIGNED	YES	appletvos_bootstrap
/var/jb/usr/sbin/zic	usr/sbin/zic	5709fc805642dd67987e5829c95b53cd5e2a97f8266adc3b2430bd0cdc26fa51	899B9148-0538-3DE3-B996-B259B3A57F89	8294f6771a87de478936fe8b6e2afe709ffb20d8	ADHOC_SIGNED	YES	appletvos_bootstrap
/var/jb/usr/bin/scp	usr/bin/scp	03b6fd2fa2a4050add1804adc0c3be7a497fab763814a87a72afa7e2aebf5b00	585B326C-F0E9-340D-B089-B986D38C4D92	7356496aee101b8a249547c4b2cad3b7ec626769	ADHOC_SIGNED	YES	openssh_addon
/var/jb/usr/bin/sftp	usr/bin/sftp	4377186f20a3ce1dd8e66e310f40d21ed25cedfa1cc5b60af761019fc8557bca	27A63AB8-F7C7-3D9A-917D-AF4FA1697466	6b59fa347f0ecfc4b4263902a0e6ac4ee3550cd8	ADHOC_SIGNED	YES	openssh_addon
/var/jb/usr/bin/ssh	usr/bin/ssh	55ecd02de898537e7acc1d1f2b50bb66f27a4c0364467e2c2c47c8f84136c666	56F19237-707D-35CF-A2D6-C9161E4A0541	31dbec30ccef484be3619f1101ce5f618198bd32	ADHOC_SIGNED	YES	openssh_addon
/var/jb/usr/bin/ssh-add	usr/bin/ssh-add	9e21fafa48da4bd58eb5103d542604dd80dcdb0db5d5f06b4ae1dd3514e14363	865E8210-4B09-3140-A82C-77FBE7995FB1	3ba1cf84074ca8998f6731254e8dba10ae81e34b	ADHOC_SIGNED	YES	openssh_addon
/var/jb/usr/bin/ssh-agent	usr/bin/ssh-agent	33c3d1ddcaf05fa2bb36799bca7e672d5c7c91fe7991e9976a08fe46f324bd89	946AFEF8-0F31-3DB6-9652-2B14D8DBA88E	c12141c21b75f539f56e6a49ed2aa8a42716c06d	ADHOC_SIGNED	YES	openssh_addon
/var/jb/usr/bin/ssh-keygen	usr/bin/ssh-keygen	42c1a77e13caff9330bd91c0b505b176c6ab57670730df64116ff9c73c11c021	1B8572D2-3B49-3287-90E9-A7D3DD234878	2f3a8a25adcb8678bc2803b3e87cad405d1a80cb	ADHOC_SIGNED	YES	openssh_addon
/var/jb/usr/bin/ssh-keyscan	usr/bin/ssh-keyscan	120b151fbbe3f22601a4c2f41b163ed0bc927a0202749356dd8daf9aa6712137	CFE2FB34-9795-307A-92DD-C332FC9D131B	a3b88fd8aa2a22e7020deb65f7a7c4ccc7c4c827	ADHOC_SIGNED	YES	openssh_addon
/var/jb/usr/libexec/sftp-server	usr/libexec/sftp-server	df71513ea4155f6e5245911eabe1fbf40400fafb2187b15464c0777c14faefb8	01764846-2AF7-362C-89D5-57BBDC3A86B0	94c500ba858e2c2d2f8225c7bc6fbee9980a88e3	ADHOC_SIGNED	YES	openssh_addon
/var/jb/usr/libexec/ssh-keysign	usr/libexec/ssh-keysign	3061750019b05b96b251c011c133329d8a7e929b0e79cd192aefa5e10b46e994	0FF70EB0-1704-32CE-B4CD-E825BFB96657	fc36d2d3c6e65ac00229262b8bf40024a24d72d8	ADHOC_SIGNED	YES	openssh_addon
/var/jb/usr/libexec/ssh-pkcs11-helper	usr/libexec/ssh-pkcs11-helper	ca14dc68494968f3791c3c707ab485fba3e32343761bdf42448c36324ad1eb35	E2E34ED7-E3F9-3182-BDF1-8AD04D147535	b20aa9d87fca7d950e084b96db45a93b71e352f8	ADHOC_SIGNED	YES	openssh_addon
/var/jb/usr/libexec/ssh-sk-helper	usr/libexec/ssh-sk-helper	685a25f4cd3ec340f0bbc29bca70631ce807ef769d0c27f0c1203acd40372826	21AEFA6D-0EB9-38A1-8894-FEEDDA12B7EE	c400b3ed0e067319fb89e288b4d5fb63aa091d0e	ADHOC_SIGNED	YES	openssh_addon
/var/jb/usr/sbin/sshd	usr/sbin/sshd	44110c67ce0af5dace43e2d1ff2faa81814ebdc3ecacb7696f6dc8570409e030	A6C7C214-3CDE-3046-A386-783CE156023A	3c745fc1096cfd0e0c26494d56850429ae308511	ADHOC_SIGNED	YES	openssh_addon
